{"stats":{"minecraft:crafted":{"minecraft:brick":7,"minecraft:jungle_button":2,"minecraft:cobblestone_slab":30,"minecraft:stone":12,"minecraft:cobblestone_stairs":28,"minecraft:lever":2,"minecraft:cooked_mutton":5,"minecraft:iron_boots":2,"minecraft:chest":13,"minecraft:acacia_fence":3,"minecraft:iron_door":3,"minecraft:rail":16,"minecraft:birch_button":1,"minecraft:stone_hoe":3,"minecraft:flower_pot":2,"tacz:target":2,"minecraft:item_frame":1,"sophisticatedbackpacks:backpack":2,"spore:symbiotic_reagent":2,"minecraft:crafting_table":6,"minecraft:acacia_slab":6,"minecraft:jungle_boat":2,"minecraft:iron_helmet":1,"minecraft:wooden_pickaxe":1,"minecraft:baked_potato":55,"minecraft:birch_planks":28,"minecraft:acacia_button":2,"spore:spine":1,"minecraft:diamond_pickaxe":3,"minecraft:iron_chestplate":2,"minecraft:paper":3,"minecraft:charcoal":67,"minecraft:shield":2,"minecraft:stick":89,"minecraft:iron_ingot":856,"minecraft:iron_pickaxe":1,"minecraft:iron_block":28,"minecraft:stone_sword":1,"minecraft:gold_ingot":81,"minecraft:raw_iron":81,"minecraft:stone_shovel":5,"minecraft:fishing_rod":1,"minecraft:furnace":12,"minecraft:bone_meal":30,"minecraft:flint_and_steel":1,"minecraft:stone_pickaxe":9,"minecraft:cobblestone_wall":24,"alexsmobs:flying_fish_boots":1,"minecraft:minecart":1,"minecraft:wheat":405,"minecraft:cooked_beef":25,"minecraft:sugar":93,"spore:living_core":2,"minecraft:diamond_sword":1,"minecraft:powered_rail":6,"tacz:gun_smith_table":1,"minecraft:bucket":1,"minecraft:stone_axe":4,"minecraft:jungle_planks":256,"minecraft:air":0,"minecraft:bread":140,"minecraft:acacia_sign":3,"minecraft:gunpowder":75,"minecraft:iron_leggings":2,"tacz:target_minecart":1,"minecraft:acacia_planks":120,"spore:nerves":32,"minecraft:torch":56,"minecraft:clay":23},"minecraft:dropped":{"minecraft:iron_sword":1,"minecraft:moss_block":1,"minecraft:baked_potato":1,"minecraft:glass_bottle":4,"minecraft:diamond":7,"jeg:grenade":1,"minecraft:jungle_planks":2,"alexsmobs:flying_fish_boots":2,"minecraft:rail":3,"jeg:raw_brimstone":1,"minecraft:gold_block":1,"minecraft:dirt":58,"minecraft:dark_oak_log":3,"minecraft:dark_oak_fence":8,"minecraft:sand":67,"minecraft:iron_pickaxe":1,"minecraft:gravel":3,"minecraft:stone_axe":1,"minecraft:blackstone":259,"minecraft:sugar_cane":5,"alexsmobs:animal_dictionary":1,"minecraft:cobbled_deepslate":79,"minecraft:wheat":1,"minecraft:rotten_flesh":1,"minecraft:gunpowder":42,"minecraft:birch_button":1,"minecraft:powered_rail":5,"jeg:handmade_shell":2,"minecraft:netherrack":4,"minecraft:bread":32,"minecraft:wheat_seeds":213,"minecraft:cobblestone":65,"minecraft:yellow_terracotta":4,"silentgear:flax_seeds":1,"silentgear:sinew":6,"minecraft:stick":2,"minecraft:ink_sac":3,"tombstone:grave_key":1,"minecraft:melon_slice":8,"tombstone:grave_dust":1,"tacz:modern_kinetic_gun":5,"jeg:waterpipe_shotgun":1,"spore:symbiotic_reagent":2,"minecraft:string":8,"minecraft:bucket":1,"minecraft:moss_carpet":6,"minecraft:tuff":131,"minecraft:stone_shovel":3,"minecraft:chicken":8,"minecraft:clay_ball":12,"sophisticatedbackpacks:backpack":2,"minecraft:hay_block":8,"minecraft:stone":3,"minecraft:shield":1,"minecraft:bundle":1,"minecraft:bamboo":2,"tacz:ammo":42,"sophisticatedbackpacks:copper_backpack":1,"minecraft:brick":1},"minecraft:killed_by":{"spore:knight":3,"spore:inf_player":2,"spore:inf_villager":1,"alexsmobs:rhinoceros":1,"spore:wendigo":1,"minecraft:player":4,"alexsmobs:tiger":4,"minecraft:skeleton":1,"spore:stalker":1},"minecraft:broken":{"minecraft:iron_boots":1,"minecraft:iron_chestplate":1,"minecraft:iron_leggings":1,"minecraft:stone_pickaxe":9,"minecraft:diamond_pickaxe":2,"minecraft:stone_axe":1,"minecraft:stone_shovel":3,"minecraft:iron_pickaxe":1,"minecraft:iron_helmet":1},"minecraft:custom":{"minecraft:animals_bred":37,"minecraft:interact_with_crafting_table":168,"minecraft:bell_ring":2,"minecraft:leave_game":11,"minecraft:time_since_death":14166,"minecraft:sprint_one_cm":1513227,"minecraft:damage_blocked_by_shield":660,"minecraft:drop":132,"minecraft:talked_to_villager":2,"minecraft:play_time":852193,"minecraft:deaths":20,"tombstone:tomb_raiding":1,"minecraft:jump":12017,"minecraft:walk_on_water_one_cm":114341,"minecraft:interact_with_furnace":335,"minecraft:sleep_in_bed":5,"minecraft:damage_dealt":10634,"minecraft:player_kills":3,"minecraft:crouch_one_cm":187154,"tombstone:undead_killed":30,"minecraft:interact_with_smithing_table":2,"minecraft:mob_kills":140,"minecraft:damage_dealt_resisted":529,"minecraft:climb_one_cm":95539,"minecraft:walk_one_cm":2117507,"minecraft:sneak_time":79200,"minecraft:walk_under_water_one_cm":48473,"minecraft:boat_one_cm":66555,"minecraft:total_world_time":852193,"tombstone:raider_killed":4,"minecraft:pot_flower":2,"minecraft:time_since_rest":14089,"minecraft:damage_taken":13083,"minecraft:swim_one_cm":195375,"minecraft:fly_one_cm":1933660,"minecraft:open_chest":1086,"minecraft:fish_caught":1,"minecraft:fall_one_cm":285493},"minecraft:used":{"minecraft:moss_block":20,"minecraft:cherry_sapling":1,"minecraft:moss_carpet":1,"minecraft:chest":18,"minecraft:shield":10,"minecraft:stone":1,"minecraft:iron_chestplate":1,"minecraft:jungle_planks":1,"tacz:target_minecart":5,"minecraft:acacia_button":5,"minecraft:tuff":11,"minecraft:axolotl_bucket":3,"minecraft:big_dripleaf":3,"minecraft:lava_bucket":5,"minecraft:iron_helmet":1,"minecraft:item_frame":2,"minecraft:birch_button":1,"minecraft:magma_block":2,"minecraft:jungle_button":2,"minecraft:furnace":13,"minecraft:acacia_fence":5,"minecraft:gold_block":2,"minecraft:egg":3,"minecraft:potato":96,"minecraft:stone_pickaxe":1189,"minecraft:powered_rail":1,"minecraft:wooden_pickaxe":18,"minecraft:blackstone":8,"minecraft:sugar_cane":88,"minecraft:jungle_boat":2,"minecraft:sand":4,"minecraft:yellow_terracotta":5,"tacz:target":2,"minecraft:bread":140,"minecraft:spore_blossom":1,"minecraft:gravel":183,"minecraft:iron_door":2,"minecraft:diamond_sword":162,"jeg:waterpipe_shotgun":4,"minecraft:bone_meal":30,"minecraft:azalea":6,"minecraft:stone_sword":36,"minecraft:acacia_log":7,"minecraft:flint_and_steel":10,"minecraft:stone_shovel":607,"minecraft:redstone":1,"tacz:gun_smith_table":1,"minecraft:stone_hoe":222,"minecraft:netherrack":4,"minecraft:orange_bed":1,"minecraft:torch":145,"minecraft:brewing_stand":1,"minecraft:dirt":220,"minecraft:cobblestone_wall":27,"minecraft:raw_iron_block":1,"minecraft:flowering_azalea":1,"minecraft:acacia_slab":10,"minecraft:iron_boots":2,"minecraft:melon_seeds":1,"minecraft:bamboo":41,"jeg:double_barrel_shotgun":2,"minecraft:pitcher_plant":1,"minecraft:acacia_wood":3,"tombstone:gift":6,"minecraft:cherry_fence":1,"minecraft:cobbled_deepslate":1,"minecraft:acacia_planks":5,"minecraft:orange_terracotta":7,"minecraft:iron_leggings":1,"minecraft:wheat_seeds":566,"minecraft:cooked_mutton":5,"minecraft:water_bucket":13,"minecraft:cobblestone_stairs":27,"minecraft:baked_potato":83,"minecraft:cobblestone_slab":13,"silentgear:flax_seeds":1,"minecraft:rail":17,"minecraft:crafting_table":15,"minecraft:flower_pot":2,"minecraft:acacia_stairs":21,"minecraft:diamond_pickaxe":4017,"minecraft:acacia_sign":1,"minecraft:iron_pickaxe":253,"minecraft:stone_axe":358,"minecraft:fishing_rod":4,"minecraft:cobblestone":484,"minecraft:bucket":20,"alexsmobs:animal_dictionary":2,"minecraft:kelp":15,"minecraft:candle":8},"minecraft:mined":{"minecraft:attached_melon_stem":2,"minecraft:farmland":14,"minecraft:cobblestone_stairs":6,"minecraft:jungle_leaves":1,"minecraft:brewing_stand":1,"minecraft:cave_vines_plant":1,"minecraft:acacia_log":27,"minecraft:grass_block":144,"minecraft:jungle_log":25,"minecraft:raw_iron_block":10,"minecraft:magma_block":88,"minecraft:iron_ore":248,"minecraft:cobbled_deepslate":3,"minecraft:fire":14,"minecraft:pumpkin":6,"minecraft:moss_carpet":1,"minecraft:deepslate_lapis_ore":12,"silentgear:deepslate_bort_ore":20,"minecraft:dirt_path":7,"minecraft:azalea":7,"minecraft:orange_bed":1,"minecraft:deepslate_redstone_ore":18,"minecraft:blackstone":1051,"minecraft:kelp_plant":7,"minecraft:melon_stem":10,"minecraft:orange_terracotta":8,"minecraft:clay":62,"minecraft:torch":25,"minecraft:melon":40,"minecraft:chest":6,"minecraft:cobblestone":82,"minecraft:oak_planks":1,"minecraft:sugar_cane":200,"minecraft:wall_torch":34,"minecraft:pink_petals":11,"minecraft:chain":3,"minecraft:cherry_fence":1,"minecraft:jungle_wood":12,"minecraft:birch_log":7,"minecraft:wheat":445,"minecraft:pitcher_plant":1,"minecraft:grass":101,"minecraft:sand":73,"minecraft:dirt":82,"spore:hanging_fungal_stem":1,"minecraft:netherrack":39,"minecraft:oak_leaves":1,"minecraft:deepslate":357,"spore:remains":17,"minecraft:yellow_terracotta":7,"minecraft:diamond_ore":1,"minecraft:red_carpet":12,"minecraft:tuff":521,"minecraft:deepslate_diamond_ore":127,"silentgear:wild_flax_plant":1,"minecraft:candle":2,"minecraft:cherry_sapling":3,"minecraft:dark_oak_log":3,"minecraft:potted_flowering_azalea_bush":3,"minecraft:dark_oak_fence":5,"minecraft:jungle_planks":1,"minecraft:acacia_button":2,"minecraft:redstone_wire":1,"alexsmobs:leafcutter_ant_chamber":1,"minecraft:acacia_slab":7,"minecraft:moss_block":34,"minecraft:kelp":6,"minecraft:hay_block":57,"minecraft:redstone_ore":7,"minecraft:furnace":1,"minecraft:acacia_wood":22,"minecraft:acacia_stairs":61,"minecraft:gold_block":2,"minecraft:bookshelf":5,"minecraft:potatoes":96,"minecraft:deepslate_iron_ore":698,"minecraft:cobblestone_slab":13,"minecraft:vine":25,"minecraft:rail":4,"minecraft:lantern":3,"minecraft:bamboo":14,"minecraft:stone":1327,"minecraft:podzol":3,"minecraft:acacia_leaves":1,"minecraft:flowering_azalea":3,"jeg:scrap_ore":47,"minecraft:glass_pane":3,"minecraft:crafting_table":10,"silentgear:wild_fluffy_plant":1,"minecraft:tall_grass":5,"minecraft:copper_ore":44,"minecraft:deepslate_coal_ore":7,"minecraft:lapis_ore":18,"minecraft:deepslate_gold_ore":73,"minecraft:big_dripleaf":2,"jeg:deepslate_scrap_ore":21,"minecraft:cobblestone_wall":3,"spore:bloomfung2":1,"minecraft:coal_ore":447,"minecraft:gravel":303,"minecraft:acacia_door":1,"minecraft:acacia_planks":26,"minecraft:gold_ore":39,"minecraft:fern":19},"minecraft:killed":{"minecraft:witch":1,"spore:braiomil":1,"minecraft:spider":6,"minecraft:skeleton":12,"minecraft:chicken":6,"minecraft:tropical_fish":4,"minecraft:parrot":1,"minecraft:pig":1,"spore:inf_player":3,"spore:inf_wanderer":2,"spore:volatile":1,"minecraft:creeper":9,"minecraft:sheep":4,"spore:inf_villager":5,"minecraft:pillager":3,"alexsmobs:flutter":5,"spore:inf_human":10,"minecraft:zombie":16,"spore:howler":1,"alexsmobs:fly":2,"spore:wendigo":1,"spore:knight":3,"minecraft:cow":29,"alexsmobs:flying_fish":2,"alexsmobs:rhinoceros":1,"spore:inf_pillager":2,"alexsmobs:cockroach":1,"minecraft:enderman":4},"minecraft:picked_up":{"spore:mutated_heart":10,"minecraft:wheat":391,"minecraft:flower_pot":3,"minecraft:enchanted_book":1,"minecraft:birch_button":1,"tombstone:grave_key":1,"minecraft:brewing_stand":1,"silentgear:sinew":15,"minecraft:string":15,"minecraft:raw_copper":156,"spore:symbiotic_reagent":1,"minecraft:cobbled_deepslate":340,"minecraft:cobblestone_slab":13,"tacz:target":1,"minecraft:azalea":10,"minecraft:iron_pickaxe":1,"minecraft:melon_slice":186,"alexsmobs:leafcutter_ant_chamber":1,"minecraft:furnace":1,"minecraft:stick":6,"minecraft:big_dripleaf":3,"minecraft:torch":77,"minecraft:acacia_log":27,"minecraft:porkchop":5,"tacz:attachment":3,"tombstone:grave_dust":3,"minecraft:orange_bed":1,"minecraft:honey_bottle":10,"minecraft:rotten_flesh":18,"minecraft:tropical_fish":3,"alexsmobs:flying_fish_boots":2,"alexsmobs:fish_oil":6,"alexsmobs:flying_fish":2,"minecraft:cobblestone":1438,"minecraft:birch_log":7,"minecraft:pink_petals":33,"minecraft:magma_block":66,"minecraft:feather":8,"minecraft:water_bucket":1,"minecraft:jungle_log":25,"minecraft:jungle_wood":10,"minecraft:potato":323,"minecraft:flint":34,"minecraft:tuff":464,"minecraft:cherry_fence":1,"jeg:scrap":169,"minecraft:lapis_lazuli":195,"minecraft:dirt":313,"minecraft:lantern":3,"minecraft:bone":14,"minecraft:acacia_planks":26,"minecraft:wheat_seeds":1190,"minecraft:raw_gold":112,"minecraft:glowstone_dust":2,"minecraft:bamboo":77,"minecraft:moss_block":31,"minecraft:oak_planks":1,"spore:cerebrum":8,"minecraft:poisonous_potato":2,"spore:armor_fragment":89,"minecraft:sand":72,"minecraft:jungle_planks":1,"minecraft:ink_sac":6,"minecraft:acacia_stairs":61,"minecraft:dark_oak_log":3,"alexsmobs:animal_dictionary":1,"minecraft:bundle":3,"spore:claw_fragment":33,"minecraft:diamond":132,"minecraft:bone_meal":2,"alexsmobs:maggot":2,"spore:spine_fragment":8,"minecraft:netherrack":27,"minecraft:dark_oak_fence":8,"minecraft:crafting_table":10,"minecraft:chicken":8,"minecraft:clay_ball":248,"minecraft:gold_block":2,"minecraft:acacia_button":3,"minecraft:chain":3,"minecraft:moss_carpet":11,"minecraft:acacia_door":1,"tacz:ammo":380,"minecraft:item_frame":1,"minecraft:blackstone":855,"minecraft:candle":8,"minecraft:beef":62,"minecraft:sugar_cane":277,"minecraft:chest":6,"minecraft:egg":3,"spore:tumor":3,"minecraft:raw_iron":937,"spore:wing_membrane":2,"minecraft:copper_ingot":45,"minecraft:redstone":117,"tacz:target_minecart":4,"minecraft:stone_shovel":1,"minecraft:arrow":11,"jeg:waterpipe_shotgun":2,"minecraft:hay_block":57,"minecraft:yellow_terracotta":7,"sophisticatedbackpacks:copper_backpack":2,"spore:alveolic_sack":1,"minecraft:mutton":6,"jeg:raw_brimstone":2,"minecraft:rail":6,"minecraft:white_wool":4,"silentgear:flax_seeds":2,"spore:altered_spleen":1,"minecraft:salmon":1,"minecraft:leather":24,"minecraft:acacia_wood":21,"minecraft:chainmail_chestplate":1,"minecraft:lily_pad":1,"minecraft:cobblestone_wall":3,"minecraft:gunpowder":8,"minecraft:cobblestone_stairs":6,"jeg:grenade":3,"minecraft:orange_terracotta":8,"minecraft:red_carpet":12,"minecraft:apple":1,"minecraft:kelp":16,"alexsmobs:cockroach_wing_fragment":1,"minecraft:spore_blossom":2,"minecraft:iron_ingot":64,"spore:mutated_fiber":50,"minecraft:glass_bottle":6,"jeg:double_barrel_shotgun":1,"minecraft:flowering_azalea":4,"jeg:tech_trash":16,"minecraft:book":15,"minecraft:pitcher_plant":1,"minecraft:pumpkin":6,"minecraft:raw_iron_block":10,"minecraft:gravel":257,"silentgear:bort":19,"minecraft:spider_eye":1,"jeg:handmade_shell":20,"tacz:modern_kinetic_gun":7,"minecraft:cherry_sapling":3,"minecraft:acacia_slab":7,"minecraft:baked_potato":87,"tombstone:magic_scroll":1,"minecraft:brown_banner":4,"minecraft:melon_seeds":11,"minecraft:coal":485,"minecraft:ender_pearl":1}},"DataVersion":3465}