{"stats":{"minecraft:picked_up":{"minecraft:crafting_table":7,"spore:mutated_heart":4,"minecraft:wheat":105,"minecraft:chicken":7,"minecraft:clay_ball":84,"minecraft:gold_block":1,"minecraft:enchanted_book":1,"minecraft:birch_button":1,"silentgear:sinew":1,"minecraft:string":9,"minecraft:raw_copper":3,"minecraft:blackstone":503,"minecraft:cobbled_deepslate":139,"minecraft:iron_pickaxe":1,"minecraft:melon_slice":178,"minecraft:sugar_cane":21,"minecraft:egg":3,"alexsmobs:leafcutter_ant_chamber":1,"minecraft:furnace":1,"minecraft:stick":5,"minecraft:raw_iron":331,"spore:wing_membrane":2,"minecraft:torch":24,"minecraft:acacia_log":9,"minecraft:porkchop":2,"minecraft:redstone":86,"minecraft:arrow":7,"jeg:waterpipe_shotgun":2,"minecraft:hay_block":49,"minecraft:yellow_terracotta":4,"minecraft:mutton":5,"minecraft:cobblestone":676,"minecraft:white_wool":3,"minecraft:birch_log":7,"spore:altered_spleen":1,"minecraft:feather":8,"minecraft:jungle_log":7,"minecraft:jungle_wood":10,"minecraft:acacia_wood":13,"minecraft:flint":1,"minecraft:tuff":150,"jeg:scrap":104,"minecraft:gunpowder":1,"minecraft:lapis_lazuli":118,"minecraft:dirt":122,"jeg:grenade":1,"minecraft:orange_terracotta":8,"minecraft:bone":5,"minecraft:apple":1,"minecraft:wheat_seeds":414,"alexsmobs:cockroach_wing_fragment":1,"minecraft:raw_gold":65,"spore:mutated_fiber":21,"minecraft:bamboo":4,"jeg:tech_trash":7,"spore:cerebrum":5,"minecraft:pumpkin":6,"spore:armor_fragment":1,"minecraft:raw_iron_block":2,"minecraft:gravel":18,"silentgear:bort":9,"alexsmobs:animal_dictionary":1,"minecraft:dark_oak_log":3,"spore:claw_fragment":12,"minecraft:diamond":64,"minecraft:dark_oak_fence":8,"minecraft:netherrack":4,"alexsmobs:maggot":2,"spore:spine_fragment":6,"tombstone:magic_scroll":1,"minecraft:brown_banner":4,"minecraft:melon_seeds":1,"minecraft:coal":204,"minecraft:ender_pearl":1},"minecraft:broken":{"minecraft:stone_pickaxe":9,"minecraft:iron_pickaxe":1},"minecraft:crafted":{"minecraft:raw_iron":18,"minecraft:stone_shovel":1,"minecraft:furnace":5,"minecraft:bone_meal":3,"minecraft:cooked_mutton":5,"minecraft:iron_boots":1,"minecraft:stone_pickaxe":9,"minecraft:chest":3,"minecraft:iron_door":3,"minecraft:birch_button":1,"minecraft:stone_hoe":1,"minecraft:wheat":405,"minecraft:diamond_sword":1,"minecraft:crafting_table":3,"minecraft:wooden_pickaxe":1,"minecraft:iron_helmet":1,"tacz:gun_smith_table":1,"minecraft:bucket":1,"minecraft:acacia_button":2,"minecraft:birch_planks":28,"minecraft:stone_axe":1,"minecraft:bread":140,"minecraft:air":0,"minecraft:jungle_planks":28,"spore:spine":1,"minecraft:iron_chestplate":1,"minecraft:diamond_pickaxe":1,"minecraft:shield":2,"minecraft:stick":41,"minecraft:iron_ingot":307,"minecraft:iron_pickaxe":1,"minecraft:iron_block":1,"minecraft:stone_sword":1,"minecraft:iron_leggings":1,"minecraft:gold_ingot":8,"minecraft:acacia_planks":88,"spore:nerves":32,"minecraft:torch":24},"minecraft:mined":{"minecraft:yellow_terracotta":4,"minecraft:tuff":177,"minecraft:deepslate_diamond_ore":60,"minecraft:dark_oak_log":3,"minecraft:jungle_leaves":1,"minecraft:dark_oak_fence":5,"minecraft:acacia_log":9,"minecraft:grass_block":26,"minecraft:jungle_log":6,"alexsmobs:leafcutter_ant_chamber":1,"minecraft:hay_block":49,"minecraft:magma_block":2,"minecraft:redstone_ore":7,"minecraft:raw_iron_block":2,"minecraft:furnace":1,"minecraft:iron_ore":140,"minecraft:fire":6,"minecraft:acacia_wood":14,"minecraft:pumpkin":6,"minecraft:deepslate_lapis_ore":9,"silentgear:deepslate_bort_ore":10,"minecraft:gold_block":1,"minecraft:deepslate_iron_ore":194,"minecraft:vine":9,"minecraft:dirt_path":2,"minecraft:bamboo":1,"minecraft:stone":667,"minecraft:deepslate_redstone_ore":11,"minecraft:acacia_leaves":1,"jeg:scrap_ore":13,"minecraft:blackstone":446,"minecraft:melon_stem":4,"minecraft:orange_terracotta":8,"minecraft:clay":21,"minecraft:crafting_table":7,"minecraft:torch":6,"minecraft:melon":38,"minecraft:copper_ore":1,"minecraft:cobblestone":24,"minecraft:lapis_ore":9,"minecraft:deepslate_gold_ore":35,"minecraft:sugar_cane":9,"minecraft:wall_torch":15,"jeg:deepslate_scrap_ore":21,"minecraft:jungle_wood":12,"minecraft:birch_log":7,"minecraft:wheat":123,"minecraft:grass":45,"minecraft:coal_ore":195,"minecraft:gravel":28,"minecraft:dirt":24,"minecraft:netherrack":20,"minecraft:gold_ore":30,"minecraft:deepslate":160,"spore:remains":9,"minecraft:fern":4},"minecraft:custom":{"minecraft:mob_kills":31,"minecraft:interact_with_crafting_table":75,"minecraft:leave_game":5,"minecraft:time_since_death":2549,"minecraft:climb_one_cm":22581,"minecraft:sprint_one_cm":500502,"minecraft:walk_one_cm":601446,"minecraft:damage_blocked_by_shield":570,"minecraft:drop":50,"minecraft:talked_to_villager":1,"minecraft:play_time":247904,"minecraft:sneak_time":22914,"minecraft:deaths":8,"minecraft:walk_under_water_one_cm":1849,"minecraft:jump":4416,"minecraft:walk_on_water_one_cm":13692,"minecraft:total_world_time":247904,"minecraft:interact_with_furnace":84,"minecraft:sleep_in_bed":1,"minecraft:time_since_rest":2432,"minecraft:damage_taken":5221,"minecraft:damage_dealt":4876,"minecraft:swim_one_cm":35348,"minecraft:fly_one_cm":681294,"minecraft:open_chest":163,"minecraft:crouch_one_cm":53947,"tombstone:undead_killed":8,"minecraft:fall_one_cm":96154},"minecraft:killed_by":{"minecraft:player":1,"alexsmobs:tiger":2,"spore:inf_player":1,"spore:inf_villager":1,"minecraft:skeleton":1,"spore:wendigo":1,"spore:stalker":1},"minecraft:used":{"minecraft:stone_sword":36,"minecraft:stone_shovel":42,"tacz:gun_smith_table":1,"minecraft:chest":3,"minecraft:shield":9,"minecraft:stone_hoe":103,"minecraft:iron_chestplate":1,"minecraft:torch":49,"minecraft:dirt":40,"minecraft:acacia_button":2,"minecraft:tuff":10,"minecraft:lava_bucket":5,"minecraft:iron_helmet":1,"minecraft:iron_boots":1,"minecraft:melon_seeds":1,"minecraft:birch_button":1,"minecraft:furnace":6,"tombstone:gift":2,"minecraft:orange_terracotta":4,"minecraft:iron_leggings":1,"minecraft:wheat_seeds":163,"minecraft:cooked_mutton":5,"minecraft:water_bucket":3,"minecraft:stone_pickaxe":1189,"minecraft:blackstone":8,"minecraft:wooden_pickaxe":18,"minecraft:sugar_cane":19,"minecraft:crafting_table":9,"minecraft:diamond_pickaxe":860,"minecraft:bread":70,"minecraft:iron_pickaxe":253,"minecraft:iron_door":1,"minecraft:gravel":12,"minecraft:stone_axe":114,"minecraft:diamond_sword":75,"minecraft:cobblestone":273,"minecraft:bucket":8,"alexsmobs:animal_dictionary":2,"minecraft:bone_meal":1},"minecraft:killed":{"minecraft:spider":1,"minecraft:skeleton":6,"minecraft:chicken":6,"minecraft:pig":1,"minecraft:creeper":1,"minecraft:sheep":3,"spore:inf_villager":2,"spore:inf_human":1,"minecraft:zombie":2,"alexsmobs:cockroach":1,"alexsmobs:fly":1,"spore:wendigo":1,"minecraft:enderman":1},"minecraft:dropped":{"minecraft:wheat_seeds":160,"minecraft:diamond":2,"minecraft:yellow_terracotta":4,"minecraft:jungle_planks":2,"silentgear:sinew":1,"minecraft:dirt":6,"minecraft:dark_oak_fence":8,"jeg:waterpipe_shotgun":1,"minecraft:iron_pickaxe":1,"minecraft:gravel":3,"minecraft:sugar_cane":4,"minecraft:blackstone":229,"alexsmobs:animal_dictionary":1,"minecraft:cobbled_deepslate":15,"minecraft:tuff":37,"minecraft:wheat":1,"minecraft:chicken":5,"minecraft:clay_ball":12,"minecraft:shield":1,"minecraft:bamboo":2,"minecraft:birch_button":1}},"DataVersion":3465}