{"stats":{"minecraft:picked_up":{"spore:mutated_heart":5,"minecraft:crafting_table":7,"minecraft:wheat":226,"minecraft:chicken":8,"minecraft:clay_ball":84,"minecraft:gold_block":1,"minecraft:enchanted_book":1,"minecraft:birch_button":1,"minecraft:acacia_button":2,"silentgear:sinew":1,"minecraft:string":12,"minecraft:raw_copper":25,"tacz:ammo":215,"minecraft:blackstone":533,"spore:symbiotic_reagent":1,"minecraft:cobbled_deepslate":140,"minecraft:iron_pickaxe":1,"minecraft:melon_slice":178,"minecraft:sugar_cane":105,"alexsmobs:leafcutter_ant_chamber":1,"minecraft:furnace":1,"minecraft:egg":3,"spore:tumor":3,"minecraft:stick":5,"minecraft:raw_iron":331,"spore:wing_membrane":2,"minecraft:copper_ingot":45,"minecraft:torch":36,"minecraft:acacia_log":9,"minecraft:porkchop":2,"tacz:attachment":2,"tombstone:grave_dust":2,"minecraft:redstone":86,"minecraft:arrow":9,"minecraft:rotten_flesh":9,"jeg:waterpipe_shotgun":2,"minecraft:hay_block":57,"minecraft:yellow_terracotta":4,"minecraft:mutton":5,"jeg:raw_brimstone":2,"minecraft:white_wool":3,"minecraft:cobblestone":776,"minecraft:birch_log":7,"spore:altered_spleen":1,"minecraft:feather":8,"minecraft:jungle_log":15,"minecraft:jungle_wood":10,"minecraft:acacia_wood":13,"minecraft:flint":26,"minecraft:tuff":150,"minecraft:cherry_fence":1,"jeg:scrap":104,"minecraft:cobblestone_wall":3,"minecraft:gunpowder":2,"minecraft:lapis_lazuli":118,"minecraft:dirt":135,"jeg:grenade":1,"minecraft:orange_terracotta":8,"minecraft:bone":10,"minecraft:apple":1,"minecraft:wheat_seeds":755,"minecraft:raw_gold":65,"alexsmobs:cockroach_wing_fragment":1,"minecraft:iron_ingot":64,"spore:mutated_fiber":28,"minecraft:bamboo":36,"jeg:tech_trash":7,"spore:cerebrum":5,"minecraft:pumpkin":6,"spore:armor_fragment":68,"minecraft:raw_iron_block":2,"minecraft:gravel":189,"silentgear:bort":9,"minecraft:dark_oak_log":3,"alexsmobs:animal_dictionary":1,"jeg:handmade_shell":5,"minecraft:bundle":1,"spore:claw_fragment":19,"minecraft:diamond":64,"tacz:modern_kinetic_gun":3,"minecraft:bone_meal":2,"tombstone:magic_scroll":1,"alexsmobs:maggot":2,"spore:spine_fragment":6,"minecraft:netherrack":8,"minecraft:brown_banner":4,"minecraft:melon_seeds":11,"minecraft:dark_oak_fence":8,"minecraft:coal":210,"minecraft:ender_pearl":1},"minecraft:broken":{"minecraft:stone_pickaxe":9,"minecraft:iron_pickaxe":1,"minecraft:stone_shovel":1},"minecraft:crafted":{"minecraft:jungle_button":2,"minecraft:raw_iron":18,"minecraft:stone_shovel":2,"minecraft:furnace":5,"minecraft:bone_meal":3,"minecraft:cooked_mutton":5,"minecraft:iron_boots":1,"minecraft:stone_pickaxe":9,"minecraft:cobblestone_wall":24,"minecraft:chest":4,"minecraft:iron_door":3,"minecraft:birch_button":1,"minecraft:stone_hoe":1,"minecraft:wheat":405,"minecraft:sugar":61,"spore:living_core":2,"minecraft:diamond_sword":1,"spore:symbiotic_reagent":2,"minecraft:crafting_table":3,"minecraft:wooden_pickaxe":1,"minecraft:iron_helmet":1,"tacz:gun_smith_table":1,"minecraft:bucket":1,"minecraft:acacia_button":2,"minecraft:birch_planks":28,"minecraft:stone_axe":1,"minecraft:air":0,"minecraft:bread":140,"minecraft:jungle_planks":40,"spore:spine":1,"minecraft:iron_chestplate":1,"minecraft:diamond_pickaxe":1,"minecraft:charcoal":35,"minecraft:shield":2,"minecraft:stick":45,"minecraft:gunpowder":24,"minecraft:iron_ingot":315,"minecraft:iron_pickaxe":1,"minecraft:iron_block":1,"minecraft:stone_sword":1,"minecraft:iron_leggings":1,"minecraft:gold_ingot":56,"minecraft:acacia_planks":88,"spore:nerves":32,"minecraft:torch":36},"minecraft:mined":{"minecraft:yellow_terracotta":4,"minecraft:tuff":177,"minecraft:attached_melon_stem":2,"minecraft:deepslate_diamond_ore":60,"minecraft:jungle_leaves":1,"minecraft:dark_oak_log":3,"minecraft:dark_oak_fence":5,"minecraft:acacia_log":9,"minecraft:grass_block":29,"minecraft:acacia_button":2,"minecraft:jungle_log":15,"alexsmobs:leafcutter_ant_chamber":1,"minecraft:moss_block":2,"minecraft:hay_block":57,"minecraft:raw_iron_block":2,"minecraft:redstone_ore":7,"minecraft:magma_block":2,"minecraft:furnace":1,"minecraft:cobbled_deepslate":1,"minecraft:iron_ore":140,"minecraft:fire":6,"minecraft:acacia_wood":14,"minecraft:pumpkin":6,"minecraft:deepslate_lapis_ore":9,"silentgear:deepslate_bort_ore":10,"minecraft:gold_block":1,"minecraft:dirt_path":2,"minecraft:vine":13,"minecraft:deepslate_iron_ore":194,"minecraft:bamboo":6,"minecraft:stone":739,"minecraft:deepslate_redstone_ore":11,"minecraft:acacia_leaves":1,"minecraft:flowering_azalea":1,"jeg:scrap_ore":13,"minecraft:blackstone":476,"minecraft:melon_stem":9,"minecraft:orange_terracotta":8,"minecraft:clay":25,"minecraft:torch":11,"minecraft:crafting_table":7,"minecraft:melon":38,"minecraft:copper_ore":8,"minecraft:tall_grass":2,"minecraft:cobblestone":54,"minecraft:deepslate_gold_ore":35,"minecraft:lapis_ore":9,"minecraft:sugar_cane":78,"minecraft:wall_torch":19,"jeg:deepslate_scrap_ore":21,"minecraft:cherry_fence":1,"minecraft:jungle_wood":12,"minecraft:cobblestone_wall":3,"minecraft:birch_log":7,"minecraft:wheat":252,"minecraft:grass":77,"minecraft:coal_ore":201,"minecraft:gravel":227,"minecraft:dirt":36,"minecraft:gold_ore":30,"minecraft:netherrack":20,"spore:remains":13,"minecraft:deepslate":160,"minecraft:fern":16},"minecraft:custom":{"minecraft:mob_kills":48,"minecraft:animals_bred":2,"minecraft:interact_with_crafting_table":96,"minecraft:bell_ring":2,"minecraft:damage_dealt_resisted":170,"minecraft:leave_game":7,"minecraft:time_since_death":88752,"minecraft:climb_one_cm":41558,"minecraft:sprint_one_cm":790123,"minecraft:walk_one_cm":945676,"minecraft:damage_blocked_by_shield":660,"minecraft:drop":76,"minecraft:talked_to_villager":1,"minecraft:play_time":384784,"minecraft:sneak_time":37127,"minecraft:deaths":10,"minecraft:walk_under_water_one_cm":6095,"tombstone:tomb_raiding":1,"minecraft:jump":6724,"minecraft:walk_on_water_one_cm":25440,"minecraft:total_world_time":384784,"minecraft:interact_with_furnace":129,"minecraft:sleep_in_bed":2,"minecraft:time_since_rest":46777,"minecraft:damage_taken":6894,"minecraft:damage_dealt":6634,"minecraft:swim_one_cm":50479,"minecraft:fly_one_cm":1110995,"minecraft:open_chest":347,"minecraft:crouch_one_cm":79249,"tombstone:undead_killed":14,"minecraft:fall_one_cm":159654},"minecraft:killed_by":{"minecraft:player":2,"alexsmobs:tiger":3,"spore:inf_player":1,"spore:inf_villager":1,"minecraft:skeleton":1,"spore:wendigo":1,"spore:stalker":1},"minecraft:used":{"minecraft:stone_sword":36,"minecraft:stone_shovel":247,"minecraft:chest":4,"tacz:gun_smith_table":1,"minecraft:shield":10,"minecraft:stone_hoe":103,"minecraft:netherrack":4,"minecraft:iron_chestplate":1,"minecraft:torch":75,"minecraft:dirt":68,"minecraft:cobblestone_wall":27,"minecraft:tuff":10,"minecraft:acacia_button":4,"minecraft:lava_bucket":5,"minecraft:iron_helmet":1,"minecraft:iron_boots":1,"minecraft:melon_seeds":1,"minecraft:birch_button":1,"minecraft:jungle_button":2,"minecraft:furnace":6,"tombstone:gift":6,"minecraft:egg":3,"minecraft:cherry_fence":1,"minecraft:orange_terracotta":4,"minecraft:iron_leggings":1,"minecraft:cooked_mutton":5,"minecraft:wheat_seeds":327,"minecraft:water_bucket":6,"minecraft:stone_pickaxe":1189,"minecraft:blackstone":8,"minecraft:wooden_pickaxe":18,"minecraft:sugar_cane":36,"minecraft:crafting_table":10,"minecraft:diamond_pickaxe":1011,"minecraft:bread":112,"minecraft:iron_pickaxe":253,"minecraft:iron_door":2,"minecraft:gravel":108,"minecraft:stone_axe":133,"minecraft:diamond_sword":119,"minecraft:cobblestone":418,"minecraft:bucket":12,"jeg:waterpipe_shotgun":4,"alexsmobs:animal_dictionary":2,"minecraft:bone_meal":1},"minecraft:killed":{"minecraft:spider":4,"minecraft:skeleton":8,"minecraft:chicken":6,"minecraft:parrot":1,"minecraft:pig":1,"spore:volatile":1,"minecraft:creeper":3,"minecraft:sheep":3,"spore:inf_villager":3,"alexsmobs:cockroach":1,"minecraft:zombie":5,"spore:inf_human":3,"spore:howler":1,"alexsmobs:fly":1,"spore:wendigo":1,"minecraft:enderman":2},"minecraft:dropped":{"minecraft:bread":32,"minecraft:iron_sword":1,"minecraft:wheat_seeds":162,"minecraft:diamond":2,"minecraft:yellow_terracotta":4,"minecraft:jungle_planks":2,"jeg:grenade":1,"silentgear:sinew":1,"jeg:raw_brimstone":1,"minecraft:stick":2,"minecraft:gold_block":1,"minecraft:dirt":6,"minecraft:dark_oak_log":3,"minecraft:dark_oak_fence":8,"tombstone:grave_dust":1,"tacz:modern_kinetic_gun":2,"jeg:waterpipe_shotgun":1,"minecraft:iron_pickaxe":1,"spore:symbiotic_reagent":2,"minecraft:string":7,"minecraft:gravel":3,"minecraft:blackstone":259,"minecraft:sugar_cane":4,"alexsmobs:animal_dictionary":1,"minecraft:cobbled_deepslate":15,"minecraft:tuff":37,"minecraft:wheat":1,"minecraft:chicken":8,"minecraft:clay_ball":12,"minecraft:hay_block":8,"minecraft:shield":1,"minecraft:gunpowder":6,"minecraft:bundle":1,"minecraft:bamboo":2,"tacz:ammo":42,"minecraft:birch_button":1,"jeg:handmade_shell":2,"minecraft:netherrack":4}},"DataVersion":3465}