{"stats":{"minecraft:used":{"minecraft:wheat_seeds":21,"minecraft:cooked_mutton":5,"minecraft:stone_sword":20,"minecraft:stone_pickaxe":229,"minecraft:chest":1,"minecraft:wooden_pickaxe":15,"minecraft:stone_hoe":45,"minecraft:torch":3,"minecraft:crafting_table":5,"minecraft:bread":5,"minecraft:stone_axe":32,"minecraft:cobblestone":5,"minecraft:furnace":2,"tombstone:gift":1,"alexsmobs:animal_dictionary":1},"minecraft:killed_by":{"minecraft:skeleton":1},"minecraft:crafted":{"minecraft:crafting_table":1,"minecraft:wooden_pickaxe":1,"minecraft:furnace":1,"minecraft:birch_planks":28,"minecraft:stone_axe":1,"minecraft:cooked_mutton":5,"minecraft:air":0,"minecraft:stick":16,"minecraft:stone_pickaxe":2,"minecraft:stone_sword":1,"minecraft:chest":1,"minecraft:torch":16,"minecraft:stone_hoe":1},"minecraft:dropped":{"silentgear:sinew":1},"minecraft:killed":{"minecraft:spider":1,"minecraft:sheep":3,"minecraft:skeleton":1,"minecraft:zombie":1},"minecraft:broken":{"minecraft:stone_pickaxe":1},"minecraft:mined":{"jeg:scrap_ore":4,"minecraft:crafting_table":4,"minecraft:torch":1,"minecraft:melon":32,"minecraft:cobblestone":1,"minecraft:wall_torch":1,"minecraft:hay_block":45,"minecraft:furnace":1,"minecraft:birch_log":7,"minecraft:iron_ore":7,"minecraft:wheat":21,"minecraft:grass":10,"minecraft:coal_ore":74,"minecraft:gravel":10,"minecraft:bamboo":1,"minecraft:stone":144,"minecraft:fern":1},"minecraft:custom":{"minecraft:interact_with_furnace":9,"minecraft:mob_kills":7,"minecraft:interact_with_crafting_table":15,"minecraft:leave_game":1,"minecraft:time_since_death":15973,"minecraft:sleep_in_bed":1,"minecraft:climb_one_cm":1570,"minecraft:time_since_rest":13278,"minecraft:sprint_one_cm":54348,"minecraft:damage_taken":785,"minecraft:walk_one_cm":61057,"minecraft:drop":1,"minecraft:damage_dealt":807,"minecraft:swim_one_cm":9106,"minecraft:talked_to_villager":1,"minecraft:fly_one_cm":118579,"minecraft:open_chest":5,"minecraft:crouch_one_cm":6125,"minecraft:play_time":36465,"tombstone:undead_killed":2,"minecraft:deaths":1,"minecraft:sneak_time":2859,"minecraft:walk_under_water_one_cm":1232,"minecraft:jump":561,"minecraft:walk_on_water_one_cm":5001,"minecraft:total_world_time":36465,"minecraft:fall_one_cm":13031},"minecraft:picked_up":{"minecraft:birch_log":7,"minecraft:crafting_table":4,"minecraft:wheat":16,"jeg:scrap":7,"silentgear:sinew":1,"minecraft:string":5,"minecraft:bone":3,"minecraft:apple":1,"minecraft:wheat_seeds":50,"spore:mutated_fiber":2,"minecraft:bamboo":3,"minecraft:melon_slice":158,"jeg:tech_trash":1,"minecraft:furnace":1,"minecraft:raw_iron":7,"spore:cerebrum":1,"minecraft:torch":2,"minecraft:gravel":10,"minecraft:arrow":3,"minecraft:hay_block":45,"spore:spine_fragment":1,"minecraft:mutton":5,"minecraft:coal":84,"minecraft:white_wool":3,"minecraft:cobblestone":144}},"DataVersion":3465}