{"stats":{"minecraft:mined":{"minecraft:attached_melon_stem":2,"minecraft:farmland":14,"minecraft:cobblestone_stairs":6,"minecraft:jungle_leaves":1,"minecraft:brewing_stand":1,"minecraft:cave_vines_plant":1,"minecraft:acacia_log":27,"minecraft:grass_block":144,"minecraft:jungle_log":25,"minecraft:magma_block":77,"minecraft:raw_iron_block":6,"minecraft:iron_ore":244,"minecraft:cobbled_deepslate":3,"minecraft:fire":6,"minecraft:pumpkin":6,"minecraft:moss_carpet":1,"minecraft:deepslate_lapis_ore":12,"silentgear:deepslate_bort_ore":20,"minecraft:dirt_path":7,"minecraft:azalea":4,"minecraft:orange_bed":1,"minecraft:deepslate_redstone_ore":11,"minecraft:blackstone":827,"minecraft:kelp_plant":7,"minecraft:melon_stem":10,"minecraft:orange_terracotta":8,"minecraft:clay":62,"minecraft:torch":22,"minecraft:melon":40,"minecraft:cobblestone":81,"minecraft:sugar_cane":171,"minecraft:wall_torch":33,"minecraft:cherry_fence":1,"minecraft:jungle_wood":12,"minecraft:birch_log":7,"minecraft:wheat":369,"minecraft:pitcher_plant":1,"minecraft:grass":101,"minecraft:sand":73,"minecraft:dirt":82,"minecraft:netherrack":39,"minecraft:oak_leaves":1,"minecraft:deepslate":357,"spore:remains":17,"minecraft:yellow_terracotta":4,"minecraft:diamond_ore":1,"minecraft:tuff":440,"minecraft:deepslate_diamond_ore":101,"silentgear:wild_flax_plant":1,"minecraft:cherry_sapling":1,"minecraft:dark_oak_log":3,"minecraft:dark_oak_fence":5,"minecraft:acacia_button":2,"minecraft:redstone_wire":1,"alexsmobs:leafcutter_ant_chamber":1,"minecraft:kelp":5,"minecraft:moss_block":27,"minecraft:hay_block":57,"minecraft:redstone_ore":7,"minecraft:furnace":1,"minecraft:acacia_wood":22,"minecraft:acacia_stairs":46,"minecraft:gold_block":1,"minecraft:potatoes":48,"minecraft:deepslate_iron_ore":577,"minecraft:cobblestone_slab":13,"minecraft:vine":25,"minecraft:rail":4,"minecraft:bamboo":14,"minecraft:stone":1286,"minecraft:podzol":3,"minecraft:acacia_leaves":1,"minecraft:flowering_azalea":2,"jeg:scrap_ore":47,"minecraft:glass_pane":3,"minecraft:crafting_table":9,"silentgear:wild_fluffy_plant":1,"minecraft:tall_grass":5,"minecraft:copper_ore":44,"minecraft:deepslate_coal_ore":7,"minecraft:lapis_ore":18,"minecraft:deepslate_gold_ore":73,"minecraft:big_dripleaf":2,"jeg:deepslate_scrap_ore":21,"minecraft:cobblestone_wall":3,"minecraft:coal_ore":446,"minecraft:gravel":303,"minecraft:acacia_door":1,"minecraft:acacia_planks":26,"minecraft:gold_ore":39,"minecraft:fern":19},"minecraft:picked_up":{"spore:mutated_heart":8,"minecraft:wheat":326,"minecraft:enchanted_book":1,"minecraft:birch_button":1,"tombstone:grave_key":1,"minecraft:brewing_stand":1,"silentgear:sinew":15,"minecraft:string":15,"minecraft:raw_copper":156,"spore:symbiotic_reagent":1,"minecraft:cobbled_deepslate":340,"minecraft:cobblestone_slab":13,"tacz:target":1,"minecraft:azalea":6,"minecraft:iron_pickaxe":1,"minecraft:melon_slice":186,"alexsmobs:leafcutter_ant_chamber":1,"minecraft:furnace":1,"minecraft:stick":6,"minecraft:big_dripleaf":3,"minecraft:torch":73,"minecraft:acacia_log":27,"minecraft:porkchop":5,"tacz:attachment":3,"tombstone:grave_dust":3,"minecraft:orange_bed":1,"minecraft:honey_bottle":10,"minecraft:rotten_flesh":16,"minecraft:tropical_fish":3,"alexsmobs:fish_oil":6,"alexsmobs:flying_fish":2,"minecraft:cobblestone":1332,"minecraft:birch_log":7,"minecraft:magma_block":58,"minecraft:feather":8,"minecraft:water_bucket":1,"minecraft:jungle_log":25,"minecraft:jungle_wood":10,"minecraft:potato":146,"minecraft:flint":34,"minecraft:tuff":385,"minecraft:cherry_fence":1,"jeg:scrap":169,"minecraft:lapis_lazuli":195,"minecraft:dirt":313,"minecraft:bone":14,"minecraft:acacia_planks":26,"minecraft:wheat_seeds":1032,"minecraft:raw_gold":112,"minecraft:glowstone_dust":2,"minecraft:bamboo":77,"minecraft:moss_block":24,"spore:cerebrum":8,"spore:armor_fragment":89,"minecraft:sand":72,"minecraft:ink_sac":6,"minecraft:acacia_stairs":46,"minecraft:dark_oak_log":3,"alexsmobs:animal_dictionary":1,"minecraft:bundle":2,"spore:claw_fragment":33,"minecraft:diamond":106,"minecraft:bone_meal":2,"alexsmobs:maggot":2,"spore:spine_fragment":8,"minecraft:netherrack":27,"minecraft:dark_oak_fence":8,"minecraft:crafting_table":9,"minecraft:chicken":8,"minecraft:clay_ball":248,"minecraft:gold_block":1,"minecraft:acacia_button":3,"minecraft:moss_carpet":10,"minecraft:acacia_door":1,"tacz:ammo":380,"minecraft:blackstone":791,"minecraft:beef":62,"minecraft:sugar_cane":222,"minecraft:egg":3,"spore:tumor":3,"minecraft:raw_iron":805,"spore:wing_membrane":2,"minecraft:copper_ingot":45,"minecraft:redstone":87,"tacz:target_minecart":3,"minecraft:stone_shovel":1,"minecraft:arrow":11,"jeg:waterpipe_shotgun":2,"minecraft:hay_block":57,"minecraft:yellow_terracotta":4,"sophisticatedbackpacks:copper_backpack":2,"spore:alveolic_sack":1,"minecraft:mutton":6,"jeg:raw_brimstone":2,"minecraft:rail":6,"minecraft:white_wool":4,"silentgear:flax_seeds":2,"spore:altered_spleen":1,"minecraft:salmon":1,"minecraft:leather":24,"minecraft:acacia_wood":21,"minecraft:chainmail_chestplate":1,"minecraft:lily_pad":1,"minecraft:cobblestone_wall":3,"minecraft:gunpowder":6,"minecraft:cobblestone_stairs":6,"jeg:grenade":1,"minecraft:orange_terracotta":8,"minecraft:apple":1,"minecraft:kelp":15,"alexsmobs:cockroach_wing_fragment":1,"minecraft:spore_blossom":2,"minecraft:iron_ingot":64,"spore:mutated_fiber":43,"minecraft:glass_bottle":6,"jeg:double_barrel_shotgun":1,"jeg:tech_trash":16,"minecraft:pitcher_plant":1,"minecraft:pumpkin":6,"minecraft:raw_iron_block":6,"minecraft:gravel":257,"silentgear:bort":19,"minecraft:spider_eye":1,"jeg:handmade_shell":20,"tacz:modern_kinetic_gun":5,"minecraft:cherry_sapling":1,"minecraft:baked_potato":23,"tombstone:magic_scroll":1,"minecraft:brown_banner":4,"minecraft:melon_seeds":11,"minecraft:coal":485,"minecraft:ender_pearl":1},"minecraft:killed":{"minecraft:witch":1,"spore:braiomil":1,"minecraft:spider":6,"minecraft:skeleton":12,"minecraft:chicken":6,"minecraft:tropical_fish":4,"minecraft:parrot":1,"minecraft:pig":1,"spore:inf_wanderer":1,"spore:volatile":1,"minecraft:creeper":7,"minecraft:sheep":4,"spore:inf_villager":5,"minecraft:pillager":3,"alexsmobs:flutter":5,"spore:inf_human":5,"minecraft:zombie":15,"spore:howler":1,"alexsmobs:fly":2,"spore:wendigo":1,"spore:knight":3,"minecraft:cow":29,"alexsmobs:flying_fish":2,"alexsmobs:rhinoceros":1,"spore:inf_pillager":2,"alexsmobs:cockroach":1,"minecraft:enderman":3},"minecraft:used":{"minecraft:moss_block":9,"minecraft:cherry_sapling":1,"minecraft:chest":9,"minecraft:shield":10,"minecraft:iron_chestplate":1,"tacz:target_minecart":4,"minecraft:acacia_button":5,"minecraft:tuff":10,"minecraft:axolotl_bucket":3,"minecraft:big_dripleaf":3,"minecraft:lava_bucket":5,"minecraft:iron_helmet":1,"minecraft:birch_button":1,"minecraft:jungle_button":2,"minecraft:furnace":13,"minecraft:egg":3,"minecraft:potato":48,"minecraft:stone_pickaxe":1189,"minecraft:powered_rail":1,"minecraft:wooden_pickaxe":18,"minecraft:blackstone":8,"minecraft:sugar_cane":87,"minecraft:jungle_boat":2,"minecraft:sand":4,"tacz:target":2,"minecraft:bread":140,"minecraft:spore_blossom":1,"minecraft:gravel":183,"minecraft:iron_door":2,"minecraft:diamond_sword":159,"jeg:waterpipe_shotgun":4,"minecraft:bone_meal":30,"minecraft:stone_sword":36,"minecraft:acacia_log":7,"minecraft:stone_shovel":607,"minecraft:redstone":1,"tacz:gun_smith_table":1,"minecraft:stone_hoe":218,"minecraft:netherrack":4,"minecraft:orange_bed":1,"minecraft:torch":138,"minecraft:brewing_stand":1,"minecraft:dirt":218,"minecraft:cobblestone_wall":27,"minecraft:iron_boots":2,"minecraft:melon_seeds":1,"minecraft:bamboo":41,"jeg:double_barrel_shotgun":2,"minecraft:pitcher_plant":1,"minecraft:acacia_wood":3,"tombstone:gift":6,"minecraft:acacia_planks":5,"minecraft:cherry_fence":1,"minecraft:cobbled_deepslate":1,"minecraft:orange_terracotta":4,"minecraft:iron_leggings":1,"minecraft:wheat_seeds":486,"minecraft:cooked_mutton":5,"minecraft:water_bucket":13,"minecraft:cobblestone_stairs":27,"minecraft:baked_potato":61,"minecraft:cobblestone_slab":13,"silentgear:flax_seeds":1,"minecraft:rail":17,"minecraft:crafting_table":14,"minecraft:diamond_pickaxe":3485,"minecraft:iron_pickaxe":253,"minecraft:stone_axe":305,"minecraft:fishing_rod":4,"minecraft:cobblestone":483,"minecraft:bucket":20,"alexsmobs:animal_dictionary":2,"minecraft:kelp":15},"minecraft:killed_by":{"spore:knight":3,"spore:inf_player":1,"spore:inf_villager":1,"alexsmobs:rhinoceros":1,"spore:wendigo":1,"minecraft:player":3,"alexsmobs:tiger":4,"minecraft:skeleton":1,"spore:stalker":1},"minecraft:crafted":{"minecraft:jungle_button":2,"minecraft:cobblestone_slab":30,"minecraft:stone":3,"minecraft:cobblestone_stairs":28,"minecraft:lever":2,"minecraft:cooked_mutton":5,"minecraft:iron_boots":2,"minecraft:chest":10,"minecraft:iron_door":3,"minecraft:rail":16,"minecraft:birch_button":1,"minecraft:stone_hoe":3,"tacz:target":2,"minecraft:item_frame":1,"sophisticatedbackpacks:backpack":2,"spore:symbiotic_reagent":2,"minecraft:crafting_table":6,"minecraft:jungle_boat":2,"minecraft:iron_helmet":1,"minecraft:wooden_pickaxe":1,"minecraft:baked_potato":55,"minecraft:birch_planks":28,"minecraft:acacia_button":2,"spore:spine":1,"minecraft:diamond_pickaxe":3,"minecraft:iron_chestplate":2,"minecraft:paper":3,"minecraft:charcoal":67,"minecraft:shield":2,"minecraft:stick":85,"minecraft:iron_ingot":481,"minecraft:iron_pickaxe":1,"minecraft:iron_block":1,"minecraft:stone_sword":1,"minecraft:gold_ingot":56,"minecraft:raw_iron":54,"minecraft:stone_shovel":5,"minecraft:fishing_rod":1,"minecraft:furnace":12,"minecraft:bone_meal":30,"minecraft:stone_pickaxe":9,"minecraft:cobblestone_wall":24,"alexsmobs:flying_fish_boots":1,"minecraft:minecart":1,"minecraft:wheat":405,"minecraft:cooked_beef":25,"minecraft:sugar":93,"spore:living_core":2,"minecraft:diamond_sword":1,"minecraft:powered_rail":6,"tacz:gun_smith_table":1,"minecraft:bucket":1,"minecraft:stone_axe":3,"minecraft:jungle_planks":256,"minecraft:air":0,"minecraft:bread":140,"minecraft:gunpowder":75,"minecraft:iron_leggings":2,"tacz:target_minecart":1,"minecraft:acacia_planks":88,"spore:nerves":32,"minecraft:torch":56,"minecraft:clay":23},"minecraft:broken":{"minecraft:iron_boots":1,"minecraft:iron_chestplate":1,"minecraft:iron_leggings":1,"minecraft:stone_pickaxe":9,"minecraft:diamond_pickaxe":2,"minecraft:stone_axe":1,"minecraft:stone_shovel":3,"minecraft:iron_pickaxe":1,"minecraft:iron_helmet":1},"minecraft:dropped":{"minecraft:iron_sword":1,"minecraft:moss_block":1,"minecraft:baked_potato":1,"minecraft:glass_bottle":4,"minecraft:diamond":7,"jeg:grenade":1,"minecraft:jungle_planks":2,"minecraft:rail":3,"jeg:raw_brimstone":1,"minecraft:gold_block":1,"minecraft:dirt":58,"minecraft:dark_oak_log":3,"minecraft:dark_oak_fence":8,"minecraft:sand":67,"minecraft:iron_pickaxe":1,"minecraft:gravel":3,"minecraft:stone_axe":1,"minecraft:blackstone":259,"minecraft:sugar_cane":5,"alexsmobs:animal_dictionary":1,"minecraft:cobbled_deepslate":79,"minecraft:wheat":1,"minecraft:gunpowder":42,"minecraft:birch_button":1,"minecraft:powered_rail":5,"jeg:handmade_shell":2,"minecraft:netherrack":4,"minecraft:bread":32,"minecraft:wheat_seeds":213,"minecraft:cobblestone":1,"minecraft:yellow_terracotta":4,"silentgear:flax_seeds":1,"silentgear:sinew":6,"minecraft:stick":2,"minecraft:ink_sac":3,"tombstone:grave_key":1,"minecraft:melon_slice":8,"tombstone:grave_dust":1,"tacz:modern_kinetic_gun":3,"jeg:waterpipe_shotgun":1,"spore:symbiotic_reagent":2,"minecraft:string":8,"minecraft:bucket":1,"minecraft:moss_carpet":5,"minecraft:tuff":131,"minecraft:stone_shovel":3,"minecraft:chicken":8,"minecraft:clay_ball":12,"sophisticatedbackpacks:backpack":2,"minecraft:hay_block":8,"minecraft:stone":3,"minecraft:shield":1,"minecraft:bundle":1,"minecraft:bamboo":2,"tacz:ammo":42,"sophisticatedbackpacks:copper_backpack":1},"minecraft:custom":{"minecraft:animals_bred":33,"minecraft:interact_with_crafting_table":153,"minecraft:bell_ring":2,"minecraft:leave_game":9,"minecraft:time_since_death":66241,"minecraft:sprint_one_cm":1389867,"minecraft:damage_blocked_by_shield":660,"minecraft:drop":124,"minecraft:talked_to_villager":1,"minecraft:play_time":746724,"minecraft:deaths":17,"tombstone:tomb_raiding":1,"minecraft:jump":11138,"minecraft:walk_on_water_one_cm":82054,"minecraft:interact_with_furnace":254,"minecraft:sleep_in_bed":5,"minecraft:damage_dealt":10442,"minecraft:player_kills":2,"minecraft:crouch_one_cm":157738,"tombstone:undead_killed":28,"minecraft:interact_with_smithing_table":2,"minecraft:mob_kills":127,"minecraft:damage_dealt_resisted":529,"minecraft:climb_one_cm":91141,"minecraft:walk_one_cm":1871875,"minecraft:sneak_time":64725,"minecraft:walk_under_water_one_cm":43261,"minecraft:boat_one_cm":66555,"minecraft:total_world_time":746724,"tombstone:raider_killed":4,"minecraft:time_since_rest":63842,"minecraft:damage_taken":11530,"minecraft:swim_one_cm":192179,"minecraft:fly_one_cm":1782395,"minecraft:open_chest":877,"minecraft:fish_caught":1,"minecraft:fall_one_cm":262276}},"DataVersion":3465}