{"stats":{"minecraft:crafted":{"minecraft:jungle_button":2,"minecraft:stone":3,"minecraft:cobblestone_stairs":28,"minecraft:lever":2,"minecraft:cooked_mutton":5,"minecraft:iron_boots":1,"minecraft:chest":9,"minecraft:iron_door":3,"minecraft:rail":16,"minecraft:birch_button":1,"minecraft:stone_hoe":1,"tacz:target":2,"sophisticatedbackpacks:backpack":2,"spore:symbiotic_reagent":2,"minecraft:crafting_table":4,"minecraft:wooden_pickaxe":1,"minecraft:iron_helmet":1,"minecraft:birch_planks":28,"minecraft:acacia_button":2,"spore:spine":1,"minecraft:paper":3,"minecraft:iron_chestplate":1,"minecraft:charcoal":67,"minecraft:diamond_pickaxe":2,"minecraft:shield":2,"minecraft:stick":61,"minecraft:iron_ingot":481,"minecraft:iron_pickaxe":1,"minecraft:iron_block":1,"minecraft:stone_sword":1,"minecraft:gold_ingot":56,"minecraft:raw_iron":54,"minecraft:stone_shovel":3,"minecraft:fishing_rod":1,"minecraft:furnace":12,"minecraft:bone_meal":30,"minecraft:cobblestone_wall":24,"minecraft:stone_pickaxe":9,"minecraft:minecart":1,"minecraft:wheat":405,"minecraft:cooked_beef":25,"minecraft:sugar":61,"spore:living_core":2,"minecraft:diamond_sword":1,"minecraft:powered_rail":6,"tacz:gun_smith_table":1,"minecraft:bucket":1,"minecraft:stone_axe":2,"minecraft:bread":140,"minecraft:air":0,"minecraft:jungle_planks":216,"minecraft:gunpowder":39,"minecraft:iron_leggings":1,"tacz:target_minecart":1,"minecraft:acacia_planks":88,"spore:nerves":32,"minecraft:torch":36,"minecraft:clay":23},"minecraft:dropped":{"minecraft:iron_sword":1,"minecraft:moss_block":1,"minecraft:diamond":7,"jeg:grenade":1,"minecraft:jungle_planks":2,"minecraft:rail":3,"jeg:raw_brimstone":1,"minecraft:gold_block":1,"minecraft:dirt":6,"minecraft:dark_oak_log":3,"minecraft:dark_oak_fence":8,"minecraft:iron_pickaxe":1,"minecraft:gravel":3,"minecraft:stone_axe":1,"minecraft:blackstone":259,"minecraft:sugar_cane":4,"alexsmobs:animal_dictionary":1,"minecraft:cobbled_deepslate":79,"minecraft:wheat":1,"minecraft:gunpowder":6,"minecraft:birch_button":1,"minecraft:powered_rail":5,"jeg:handmade_shell":2,"minecraft:netherrack":4,"minecraft:bread":32,"minecraft:wheat_seeds":162,"minecraft:yellow_terracotta":4,"minecraft:cobblestone":1,"silentgear:sinew":6,"minecraft:stick":2,"minecraft:melon_slice":8,"tombstone:grave_dust":1,"tacz:modern_kinetic_gun":2,"jeg:waterpipe_shotgun":1,"spore:symbiotic_reagent":2,"minecraft:string":8,"minecraft:moss_carpet":1,"minecraft:tuff":101,"minecraft:stone_shovel":1,"minecraft:chicken":8,"minecraft:clay_ball":12,"sophisticatedbackpacks:backpack":1,"minecraft:hay_block":8,"minecraft:stone":3,"minecraft:shield":1,"minecraft:bundle":1,"minecraft:bamboo":2,"tacz:ammo":42},"minecraft:killed_by":{"spore:inf_player":1,"spore:inf_villager":1,"spore:wendigo":1,"minecraft:player":3,"alexsmobs:tiger":3,"minecraft:skeleton":1,"spore:stalker":1},"minecraft:broken":{"minecraft:stone_pickaxe":9,"minecraft:diamond_pickaxe":1,"minecraft:stone_shovel":2,"minecraft:iron_pickaxe":1,"minecraft:iron_helmet":1},"minecraft:custom":{"minecraft:animals_bred":16,"minecraft:interact_with_crafting_table":128,"minecraft:bell_ring":2,"minecraft:leave_game":8,"minecraft:time_since_death":129941,"minecraft:sprint_one_cm":1040161,"minecraft:damage_blocked_by_shield":660,"minecraft:drop":98,"minecraft:talked_to_villager":1,"minecraft:play_time":553426,"minecraft:deaths":11,"tombstone:tomb_raiding":1,"minecraft:jump":8157,"minecraft:walk_on_water_one_cm":35467,"minecraft:interact_with_furnace":206,"minecraft:sleep_in_bed":3,"minecraft:damage_dealt":7874,"minecraft:player_kills":2,"minecraft:crouch_one_cm":124033,"tombstone:undead_killed":18,"minecraft:mob_kills":78,"minecraft:damage_dealt_resisted":170,"minecraft:climb_one_cm":56402,"minecraft:walk_one_cm":1367453,"minecraft:sneak_time":52338,"minecraft:walk_under_water_one_cm":14843,"minecraft:total_world_time":553426,"minecraft:time_since_rest":18989,"minecraft:damage_taken":7904,"minecraft:swim_one_cm":92092,"minecraft:fly_one_cm":1331904,"minecraft:open_chest":628,"minecraft:fish_caught":1,"minecraft:fall_one_cm":198846},"minecraft:used":{"minecraft:moss_block":8,"minecraft:cherry_sapling":1,"minecraft:chest":7,"minecraft:shield":10,"minecraft:iron_chestplate":1,"tacz:target_minecart":4,"minecraft:acacia_button":5,"minecraft:tuff":10,"minecraft:axolotl_bucket":3,"minecraft:big_dripleaf":2,"minecraft:lava_bucket":5,"minecraft:iron_helmet":1,"minecraft:birch_button":1,"minecraft:jungle_button":2,"minecraft:furnace":13,"minecraft:egg":3,"minecraft:stone_pickaxe":1189,"minecraft:powered_rail":1,"minecraft:blackstone":8,"minecraft:wooden_pickaxe":18,"minecraft:sugar_cane":55,"tacz:target":2,"minecraft:bread":139,"minecraft:spore_blossom":1,"minecraft:iron_door":2,"minecraft:gravel":181,"minecraft:diamond_sword":144,"jeg:waterpipe_shotgun":4,"minecraft:bone_meal":30,"minecraft:stone_sword":36,"minecraft:stone_shovel":350,"minecraft:redstone":1,"tacz:gun_smith_table":1,"minecraft:stone_hoe":103,"minecraft:netherrack":4,"minecraft:torch":85,"minecraft:brewing_stand":1,"minecraft:dirt":111,"minecraft:cobblestone_wall":27,"minecraft:iron_boots":1,"minecraft:melon_seeds":1,"jeg:double_barrel_shotgun":2,"minecraft:pitcher_plant":1,"tombstone:gift":6,"minecraft:cherry_fence":1,"minecraft:cobbled_deepslate":1,"minecraft:orange_terracotta":4,"minecraft:iron_leggings":1,"minecraft:wheat_seeds":357,"minecraft:cooked_mutton":5,"minecraft:water_bucket":9,"minecraft:cobblestone_stairs":27,"minecraft:baked_potato":2,"minecraft:rail":17,"minecraft:crafting_table":11,"minecraft:diamond_pickaxe":2240,"minecraft:iron_pickaxe":253,"minecraft:stone_axe":145,"minecraft:fishing_rod":4,"minecraft:cobblestone":451,"minecraft:bucket":16,"alexsmobs:animal_dictionary":2},"minecraft:mined":{"minecraft:attached_melon_stem":2,"minecraft:cobblestone_stairs":6,"minecraft:jungle_leaves":1,"minecraft:brewing_stand":1,"minecraft:cave_vines_plant":1,"minecraft:acacia_log":9,"minecraft:grass_block":36,"minecraft:jungle_log":15,"minecraft:magma_block":2,"minecraft:raw_iron_block":6,"minecraft:iron_ore":206,"minecraft:cobbled_deepslate":3,"minecraft:fire":6,"minecraft:moss_carpet":1,"minecraft:pumpkin":6,"minecraft:deepslate_lapis_ore":9,"silentgear:deepslate_bort_ore":18,"minecraft:dirt_path":2,"minecraft:azalea":4,"minecraft:deepslate_redstone_ore":11,"minecraft:blackstone":678,"minecraft:kelp_plant":7,"minecraft:melon_stem":10,"minecraft:orange_terracotta":8,"minecraft:clay":49,"minecraft:torch":15,"minecraft:melon":40,"minecraft:cobblestone":65,"minecraft:sugar_cane":122,"minecraft:wall_torch":20,"minecraft:cherry_fence":1,"minecraft:jungle_wood":12,"minecraft:birch_log":7,"minecraft:wheat":324,"minecraft:pitcher_plant":1,"minecraft:grass":90,"minecraft:dirt":56,"minecraft:netherrack":21,"minecraft:oak_leaves":1,"minecraft:deepslate":263,"spore:remains":14,"minecraft:yellow_terracotta":4,"minecraft:tuff":321,"minecraft:deepslate_diamond_ore":79,"minecraft:cherry_sapling":1,"minecraft:dark_oak_log":3,"minecraft:dark_oak_fence":5,"minecraft:acacia_button":2,"minecraft:redstone_wire":1,"alexsmobs:leafcutter_ant_chamber":1,"minecraft:kelp":1,"minecraft:moss_block":26,"minecraft:hay_block":57,"minecraft:redstone_ore":7,"minecraft:furnace":1,"minecraft:acacia_wood":14,"minecraft:gold_block":1,"minecraft:deepslate_iron_ore":383,"minecraft:vine":17,"minecraft:rail":4,"minecraft:bamboo":6,"minecraft:stone":1032,"minecraft:podzol":1,"minecraft:acacia_leaves":1,"minecraft:flowering_azalea":2,"jeg:scrap_ore":47,"minecraft:crafting_table":7,"minecraft:tall_grass":5,"minecraft:copper_ore":43,"minecraft:lapis_ore":9,"minecraft:deepslate_gold_ore":53,"minecraft:big_dripleaf":2,"jeg:deepslate_scrap_ore":21,"minecraft:cobblestone_wall":3,"minecraft:coal_ore":268,"minecraft:gravel":301,"minecraft:gold_ore":34,"minecraft:fern":16},"minecraft:killed":{"spore:braiomil":1,"minecraft:spider":4,"minecraft:skeleton":8,"minecraft:chicken":6,"minecraft:tropical_fish":4,"minecraft:parrot":1,"minecraft:pig":1,"spore:volatile":1,"minecraft:creeper":4,"minecraft:sheep":4,"spore:inf_villager":4,"alexsmobs:flutter":4,"spore:inf_human":4,"minecraft:zombie":9,"spore:howler":1,"alexsmobs:fly":1,"spore:wendigo":1,"minecraft:cow":12,"spore:inf_pillager":1,"alexsmobs:cockroach":1,"minecraft:enderman":2},"minecraft:picked_up":{"spore:mutated_heart":5,"minecraft:wheat":296,"minecraft:enchanted_book":1,"minecraft:birch_button":1,"minecraft:brewing_stand":1,"silentgear:sinew":11,"minecraft:string":15,"minecraft:raw_copper":151,"spore:symbiotic_reagent":1,"minecraft:cobbled_deepslate":246,"tacz:target":1,"minecraft:azalea":6,"minecraft:iron_pickaxe":1,"minecraft:melon_slice":186,"alexsmobs:leafcutter_ant_chamber":1,"minecraft:furnace":1,"minecraft:stick":5,"minecraft:big_dripleaf":2,"minecraft:torch":47,"minecraft:acacia_log":9,"minecraft:porkchop":2,"tacz:attachment":3,"tombstone:grave_dust":2,"minecraft:rotten_flesh":11,"minecraft:tropical_fish":3,"alexsmobs:fish_oil":6,"minecraft:cobblestone":1081,"minecraft:birch_log":7,"minecraft:feather":8,"minecraft:water_bucket":1,"minecraft:jungle_log":15,"minecraft:jungle_wood":10,"minecraft:flint":34,"minecraft:tuff":237,"minecraft:cherry_fence":1,"jeg:scrap":169,"minecraft:dirt":163,"minecraft:lapis_lazuli":118,"minecraft:bone":10,"minecraft:wheat_seeds":941,"minecraft:raw_gold":87,"minecraft:bamboo":36,"minecraft:moss_block":22,"spore:cerebrum":6,"spore:armor_fragment":69,"alexsmobs:animal_dictionary":1,"minecraft:dark_oak_log":3,"spore:claw_fragment":21,"minecraft:bundle":2,"minecraft:diamond":83,"minecraft:bone_meal":2,"alexsmobs:maggot":2,"spore:spine_fragment":6,"minecraft:netherrack":9,"minecraft:dark_oak_fence":8,"minecraft:crafting_table":7,"minecraft:chicken":8,"minecraft:clay_ball":180,"minecraft:gold_block":1,"minecraft:acacia_button":3,"minecraft:moss_carpet":5,"tacz:ammo":260,"minecraft:blackstone":663,"minecraft:beef":25,"minecraft:sugar_cane":168,"minecraft:egg":3,"minecraft:raw_iron":586,"spore:tumor":3,"spore:wing_membrane":2,"minecraft:copper_ingot":45,"minecraft:redstone":87,"tacz:target_minecart":3,"minecraft:arrow":9,"jeg:waterpipe_shotgun":2,"minecraft:hay_block":57,"minecraft:yellow_terracotta":4,"spore:alveolic_sack":1,"minecraft:mutton":6,"jeg:raw_brimstone":2,"minecraft:rail":4,"minecraft:white_wool":4,"spore:altered_spleen":1,"minecraft:salmon":1,"minecraft:leather":9,"minecraft:acacia_wood":13,"minecraft:lily_pad":1,"minecraft:gunpowder":2,"minecraft:cobblestone_wall":3,"minecraft:cobblestone_stairs":6,"jeg:grenade":1,"minecraft:orange_terracotta":8,"minecraft:apple":1,"minecraft:kelp":11,"alexsmobs:cockroach_wing_fragment":1,"minecraft:spore_blossom":1,"minecraft:iron_ingot":64,"spore:mutated_fiber":32,"minecraft:glass_bottle":2,"jeg:double_barrel_shotgun":1,"jeg:tech_trash":16,"minecraft:pitcher_plant":1,"minecraft:pumpkin":6,"minecraft:raw_iron_block":6,"minecraft:gravel":255,"silentgear:bort":17,"jeg:handmade_shell":20,"tacz:modern_kinetic_gun":3,"minecraft:cherry_sapling":1,"minecraft:baked_potato":23,"tombstone:magic_scroll":1,"minecraft:brown_banner":4,"minecraft:melon_seeds":11,"minecraft:coal":277,"minecraft:ender_pearl":1}},"DataVersion":3465}