{"stats":{"minecraft:mined":{"spore:wall_growths_big":7,"spore:wall_growths":1,"minecraft:deepslate_diamond_ore":3,"minecraft:jungle_leaves":1,"minecraft:cave_vines_plant":3,"minecraft:grass_block":3,"minecraft:jungle_planks":4,"minecraft:jungle_log":20,"minecraft:brown_mushroom_block":1,"minecraft:moss_block":6,"tacz:gun_smith_table":2,"spore:growths_small":1,"spore:mycelium_veins":1,"minecraft:iron_ore":54,"minecraft:cobbled_deepslate":3,"spore:infested_stone":89,"minecraft:andesite":1044,"minecraft:deepslate_lapis_ore":12,"silentgear:deepslate_bort_ore":1,"minecraft:deepslate_iron_ore":41,"minecraft:vine":5,"minecraft:stone":3840,"minecraft:podzol":1,"jeg:scrap_ore":23,"minecraft:blackstone":34,"minecraft:basalt":13,"spore:growths_big":1,"minecraft:clay":34,"minecraft:emerald_ore":1,"minecraft:tall_grass":1,"minecraft:copper_ore":62,"minecraft:cobblestone":7,"minecraft:deepslate_coal_ore":22,"minecraft:lapis_ore":6,"minecraft:deepslate_copper_ore":18,"jeg:deepslate_scrap_ore":6,"minecraft:cherry_fence":1,"minecraft:jungle_wood":3,"spore:bloomfung2":2,"minecraft:grass":4,"minecraft:coal_ore":180,"minecraft:cherry_leaves":1,"minecraft:gravel":2,"minecraft:dirt":95,"spore:hanging_fungal_stem":2,"minecraft:chipped_anvil":3,"minecraft:deepslate":65},"minecraft:picked_up":{"spore:mutated_heart":16,"minecraft:clay_ball":173,"minecraft:brown_mushroom":2,"minecraft:enchanted_book":1,"minecraft:string":11,"minecraft:moss_carpet":2,"minecraft:raw_copper":231,"tacz:ammo":1059,"minecraft:blackstone":33,"minecraft:cobbled_deepslate":71,"minecraft:azalea":2,"minecraft:iron_pickaxe":2,"spore:tumor":1,"minecraft:stick":1,"minecraft:raw_iron":95,"spore:vigil_eye":1,"minecraft:big_dripleaf":1,"minecraft:copper_ingot":197,"minecraft:torch":2,"sophisticatedbackpacks:backpack":2,"tombstone:grave_dust":2,"minecraft:diorite":1,"minecraft:carrot":1,"minecraft:bamboo_block":2,"minecraft:rotten_flesh":1,"minecraft:arrow":15,"silentgear:leather_scrap":4,"minecraft:glow_berries":1,"minecraft:cobblestone":1109,"minecraft:pink_petals":6,"minecraft:basalt":16,"minecraft:cherry_planks":7,"minecraft:andesite":79,"minecraft:jungle_log":20,"spore:infested_stone":65,"minecraft:jungle_wood":3,"minecraft:cherry_fence":1,"jeg:scrap":43,"minecraft:gunpowder":39,"minecraft:lapis_lazuli":105,"minecraft:dirt":66,"tombstone:gift":1,"jeg:grenade":3,"minecraft:name_tag":2,"minecraft:bone":4,"minecraft:chipped_anvil":3,"minecraft:bow":2,"minecraft:wheat_seeds":1,"silentgear:shield":1,"spore:mutated_fiber":47,"minecraft:bamboo":38,"tacz:gun_smith_table":2,"minecraft:moss_block":10,"jeg:tech_trash":3,"minecraft:flowering_azalea":6,"silentgear:fine_silk":1,"spore:cerebrum":23,"silentgear:pickaxe":1,"spore:armor_fragment":12,"minecraft:axolotl_bucket":1,"minecraft:gravel":4,"minecraft:sand":2,"minecraft:jungle_planks":4,"sophisticatedbackpacks:iron_backpack":1,"sophisticatedbackpacks:jukebox_upgrade":2,"silentgear:bort":1,"silentgear:excavator":1,"minecraft:diamond":3,"tacz:modern_kinetic_gun":8,"minecraft:bread":57,"spore:spine_fragment":6,"minecraft:coal":171,"silentgear:sword":2},"minecraft:killed":{"minecraft:spider":1,"spore:leaper":1,"spore:reconstructor":1,"minecraft:cod":8,"minecraft:skeleton":5,"spore:plagued":1,"spore:braurei":1,"spore:vigil":2,"spore:inf_player":6,"spore:inf_wanderer":3,"spore:inf_evoker":1,"spore:scamper":1,"spore:inf_drowned":1,"minecraft:creeper":7,"spore:inf_pillager":9,"spore:inf_villager":6,"spore:mound":1,"minecraft:zombie":6,"spore:inf_human":16,"alexsmobs:cachalot_whale":1,"spore:inf_witch":1,"spore:inf_husk":1,"spore:slasher":1},"minecraft:used":{"silentgear:excavator":28,"minecraft:moss_carpet":1,"silentgear:sword":53,"tacz:gun_smith_table":3,"minecraft:tinted_glass":22,"minecraft:iron_chestplate":1,"minecraft:torch":22,"minecraft:dirt":3,"minecraft:anvil":3,"minecraft:jungle_planks":2,"jeg:grenade":10,"minecraft:flowering_azalea":3,"minecraft:chipped_anvil":3,"minecraft:iron_block":66,"minecraft:iron_helmet":1,"minecraft:iron_boots":1,"minecraft:golden_carrot":3,"silentgear:pickaxe":248,"minecraft:basalt":13,"minecraft:bow":8,"minecraft:furnace":1,"minecraft:cobbled_deepslate":24,"minecraft:cherry_fence":1,"minecraft:iron_leggings":1,"minecraft:water_bucket":1,"minecraft:stone_pickaxe":124,"minecraft:blackstone":30,"minecraft:wooden_pickaxe":16,"minecraft:beacon":1,"minecraft:tnt":221,"minecraft:crafting_table":1,"minecraft:blast_furnace":5,"minecraft:bamboo_block":15,"tacz:target":5,"minecraft:redstone_torch":22,"minecraft:bread":37,"minecraft:iron_pickaxe":276,"silentgear:hammer":863,"minecraft:stone_axe":32,"minecraft:cobblestone":144,"minecraft:bucket":2},"minecraft:killed_by":{"spore:slasher":1,"minecraft:player":10,"alexsmobs:bunfungus":1,"spore:inf_wanderer":2,"spore:inf_pillager":1,"spore:sieger":3,"spore:inf_player":1,"minecraft:skeleton":3,"minecraft:zombie":1},"minecraft:crafted":{"silentgear:pickaxe":1,"minecraft:smooth_stone":8,"minecraft:furnace":1,"minecraft:blast_furnace":1,"minecraft:stone":8,"minecraft:iron_boots":2,"minecraft:stone_pickaxe":1,"silentgear:iron_rod":4,"minecraft:crafting_table":1,"minecraft:wooden_pickaxe":1,"minecraft:iron_helmet":1,"tacz:gun_smith_table":1,"minecraft:copper_ingot":362,"minecraft:bucket":1,"minecraft:air":0,"minecraft:jungle_planks":16,"silentgear:katana":1,"minecraft:iron_chestplate":1,"minecraft:stick":12,"minecraft:iron_ingot":143,"minecraft:iron_pickaxe":1,"minecraft:iron_block":1,"minecraft:iron_leggings":1,"silentgear:hammer":1,"minecraft:torch":24},"minecraft:broken":{"minecraft:stone_pickaxe":1,"minecraft:iron_pickaxe":1,"spore:vigil_eye":1},"minecraft:dropped":{"sophisticatedbackpacks:iron_backpack":1,"minecraft:enchanted_book":1,"minecraft:bread":17,"minecraft:cobblestone":205,"jeg:scrap":171,"minecraft:copper_ingot":323,"silentgear:shield":1,"spore:tumor":1,"minecraft:axolotl_bucket":1,"tacz:modern_kinetic_gun":6,"minecraft:flowering_azalea":3,"spore:mutated_heart":6,"sophisticatedbackpacks:jukebox_upgrade":2,"minecraft:string":5,"minecraft:name_tag":1,"spore:mutated_fiber":38,"minecraft:carrot":1,"minecraft:gunpowder":61,"tacz:ammo":90,"minecraft:basalt":3,"tacz:attachment":1},"minecraft:custom":{"minecraft:interact_with_anvil":5,"minecraft:mob_kills":81,"minecraft:interact_with_crafting_table":20,"minecraft:damage_dealt_resisted":117,"minecraft:leave_game":2,"minecraft:time_since_death":56306,"minecraft:climb_one_cm":6277,"minecraft:sprint_one_cm":217905,"minecraft:walk_one_cm":563262,"minecraft:drop":62,"minecraft:damage_dealt_absorbed":81,"minecraft:play_time":257357,"minecraft:sneak_time":19670,"minecraft:deaths":23,"minecraft:walk_under_water_one_cm":60464,"minecraft:jump":2086,"minecraft:interact_with_blast_furnace":82,"minecraft:walk_on_water_one_cm":74064,"minecraft:total_world_time":257357,"minecraft:interact_with_furnace":64,"minecraft:sleep_in_bed":1,"minecraft:time_since_rest":56072,"minecraft:damage_taken":8203,"minecraft:damage_dealt":2961,"minecraft:interact_with_beacon":3,"minecraft:swim_one_cm":190223,"minecraft:player_kills":16,"minecraft:fly_one_cm":386784,"minecraft:open_chest":116,"minecraft:crouch_one_cm":38662,"tombstone:undead_killed":11,"minecraft:interact_with_smoker":1,"minecraft:fall_one_cm":40835}},"DataVersion":3465}