{"stats":{"minecraft:mined":{"spore:fungal_roots":1,"spore:wall_growths":20,"minecraft:cherry_log":140,"minecraft:jungle_leaves":3,"minecraft:obsidian":16,"minecraft:cave_vines_plant":7,"minecraft:cherry_trapdoor":4,"minecraft:granite":9,"minecraft:red_sand":3,"minecraft:acacia_log":9,"minecraft:grass_block":450,"minecraft:jungle_log":12,"spore:fungal_stem":44,"minecraft:bamboo_block":2,"minecraft:hopper":1,"tacz:gun_smith_table":5,"spore:infested_dirt":13,"spore:mycelium_veins":8,"minecraft:magma_block":21,"minecraft:iron_ore":187,"minecraft:cobbled_deepslate":25,"minecraft:fire":8,"spore:infested_stone":86,"minecraft:moss_carpet":2,"minecraft:deepslate_lapis_ore":3,"spore:growth_mycelium":52,"silentgear:deepslate_bort_ore":8,"minecraft:pointed_dripstone":1,"minecraft:flowering_azalea_leaves":2,"minecraft:cave_vines":14,"minecraft:azalea_leaves":7,"minecraft:azalea":4,"minecraft:orange_bed":4,"minecraft:deepslate_redstone_ore":122,"minecraft:blackstone":1615,"minecraft:smoker":2,"minecraft:orange_terracotta":1,"minecraft:clay":18,"minecraft:torch":42,"spore:growths_big":27,"minecraft:blast_furnace":4,"minecraft:calcite":4,"minecraft:chest":1,"minecraft:nether_quartz_ore":71,"minecraft:cobblestone":83,"minecraft:sugar_cane":2,"minecraft:wall_torch":28,"minecraft:cherry_slab":15,"minecraft:deepslate_copper_ore":98,"spore:fungal_stem_sapling":9,"minecraft:pink_petals":18,"minecraft:cherry_fence":13,"minecraft:jungle_wood":25,"minecraft:birch_log":7,"minecraft:wheat":3,"minecraft:black_bed":1,"minecraft:grass":133,"minecraft:oak_log":27,"minecraft:dirt":712,"spore:hanging_fungal_stem":6,"minecraft:smooth_basalt":10,"minecraft:red_mushroom_block":1,"minecraft:ancient_debris":2,"minecraft:netherrack":1001,"minecraft:oak_leaves":7,"spore:remains":2,"minecraft:deepslate":885,"minecraft:tuff":23,"spore:wall_growths_big":50,"minecraft:deepslate_diamond_ore":100,"minecraft:decorated_pot":3,"minecraft:jungle_planks":1,"minecraft:crimson_roots":2,"minecraft:moss_block":20,"spore:growths_small":26,"minecraft:hay_block":102,"minecraft:furnace":8,"spore:blomfung":13,"minecraft:andesite":142,"minecraft:potatoes":1,"minecraft:deepslate_iron_ore":184,"minecraft:vine":7,"minecraft:rail":7,"minecraft:bamboo":61,"minecraft:stone":10482,"jeg:blackstone_brimstone_ore":4,"minecraft:podzol":2,"minecraft:flowering_azalea":1,"jeg:scrap_ore":64,"minecraft:cherry_planks":22,"minecraft:basalt":214,"minecraft:crafting_table":12,"minecraft:emerald_ore":2,"minecraft:stone_slab":1,"minecraft:copper_ore":347,"minecraft:tall_grass":38,"minecraft:deepslate_coal_ore":32,"minecraft:lapis_ore":2,"minecraft:deepslate_gold_ore":68,"minecraft:diorite":97,"minecraft:big_dripleaf":2,"jeg:deepslate_scrap_ore":26,"spore:bloomfung2":50,"minecraft:birch_leaves":1,"spore:fungal_stem_top":7,"minecraft:coal_ore":378,"minecraft:cherry_leaves":1,"minecraft:gravel":173,"minecraft:dripstone_block":6,"minecraft:cobweb":27,"minecraft:acacia_planks":1,"minecraft:small_dripleaf":1,"minecraft:gold_ore":4,"minecraft:chipped_anvil":1,"minecraft:fern":10},"minecraft:picked_up":{"spore:mutated_heart":11,"minecraft:wheat":6,"minecraft:chainmail_boots":1,"spore:infested_dirt":15,"minecraft:enchanted_book":1,"spore:innards":2,"silentgear:sinew":1,"minecraft:string":99,"minecraft:raw_copper":1294,"minecraft:iron_leggings":1,"minecraft:cherry_boat":1,"alexsmobs:blood_sac":1,"minecraft:red_sand":13,"minecraft:cobbled_deepslate":754,"tacz:target":2,"minecraft:azalea":9,"minecraft:hopper_minecart":3,"minecraft:melon_slice":10,"minecraft:furnace":11,"minecraft:golden_helmet":1,"minecraft:stick":29,"minecraft:big_dripleaf":5,"minecraft:oak_fence":1,"minecraft:torch":135,"minecraft:acacia_log":7,"minecraft:porkchop":13,"tacz:attachment":1,"minecraft:cherry_log":54,"tombstone:grave_dust":13,"minecraft:diorite":92,"minecraft:golden_chestplate":1,"minecraft:orange_bed":5,"silentgear:leather_scrap":7,"minecraft:rotten_flesh":62,"minecraft:tropical_fish":26,"minecraft:obsidian":15,"minecraft:cobblestone":7848,"minecraft:birch_log":6,"minecraft:pink_petals":131,"minecraft:magma_block":20,"minecraft:cooked_beef":6,"minecraft:cherry_planks":18,"minecraft:water_bucket":1,"minecraft:andesite":459,"minecraft:jungle_log":12,"minecraft:black_bed":2,"minecraft:jungle_wood":24,"minecraft:smoker":2,"minecraft:potato":1,"minecraft:flint":31,"minecraft:tuff":24,"minecraft:cherry_fence":13,"jeg:scrap":349,"minecraft:lapis_lazuli":13,"minecraft:dirt":827,"minecraft:lantern":3,"minecraft:name_tag":1,"minecraft:bone":72,"minecraft:chipped_anvil":1,"minecraft:acacia_planks":1,"minecraft:bow":2,"minecraft:wheat_seeds":82,"minecraft:raw_gold":71,"silentgear:saw":1,"minecraft:bamboo":619,"tacz:gun_smith_table":5,"minecraft:moss_block":23,"silentgear:crimson_iron_ingot":21,"minecraft:ghast_tear":1,"silentgear:fine_silk":1,"spore:cerebrum":23,"spore:armor_fragment":49,"minecraft:axolotl_bucket":1,"silentgear:excavator_blueprint":1,"minecraft:bamboo_raft":2,"minecraft:jungle_planks":2,"sophisticatedbackpacks:iron_backpack":2,"minecraft:ink_sac":9,"minecraft:grass_block":2,"spore:claw_fragment":52,"minecraft:diamond":105,"minecraft:deepslate":1,"minecraft:miner_pottery_sherd":1,"minecraft:crossbow":1,"minecraft:granite":9,"minecraft:bone_meal":1,"minecraft:emerald":4,"minecraft:bread":70,"spore:spine_fragment":14,"minecraft:plenty_pottery_sherd":1,"minecraft:oak_sapling":9,"minecraft:cherry_slab":17,"minecraft:netherrack":851,"minecraft:crimson_roots":2,"minecraft:crafting_table":13,"minecraft:cocoa_beans":1,"minecraft:splash_potion":1,"minecraft:clay_ball":309,"minecraft:moss_carpet":25,"tacz:ammo":1530,"minecraft:iron_shovel":2,"minecraft:blackstone":1579,"spore:armads":1,"minecraft:beef":36,"alexsmobs:elastic_tendon":2,"minecraft:jungle_sapling":2,"minecraft:iron_nugget":8,"minecraft:light_gray_wool":2,"minecraft:sugar_cane":3,"minecraft:chest":1,"minecraft:cherry_trapdoor":3,"minecraft:egg":3,"spore:tumor":2,"minecraft:raw_iron":417,"minecraft:copper_ingot":431,"silentgear:sturdy_repair_kit":6,"silentgear:hammer":1,"minecraft:redstone":508,"minecraft:arrow":76,"minecraft:decorated_pot":2,"minecraft:peony":2,"minecraft:hay_block":102,"tombstone:essence_of_undeath":1,"sophisticatedbackpacks:copper_backpack":1,"spore:tendons":3,"minecraft:glow_berries":9,"minecraft:mutton":18,"jeg:raw_brimstone":5,"minecraft:rail":5,"minecraft:white_wool":12,"minecraft:heartbreak_pottery_sherd":1,"minecraft:basalt":65,"minecraft:glow_ink_sac":8,"minecraft:crimson_stem":1,"spore:infested_stone":88,"minecraft:leather":9,"minecraft:oak_log":26,"minecraft:ancient_debris":4,"minecraft:golden_boots":1,"minecraft:nether_wart_block":1,"minecraft:gunpowder":117,"jeg:grenade":17,"minecraft:spore_blossom":1,"silentgear:shield":2,"minecraft:iron_ingot":88,"minecraft:blade_pottery_sherd":1,"tombstone:bag_of_seeds":2,"spore:mutated_fiber":301,"minecraft:flowering_azalea":2,"jeg:tech_trash":25,"minecraft:smooth_basalt":10,"minecraft:bamboo_planks":6,"minecraft:quartz":70,"minecraft:dripstone_block":2,"minecraft:gravel":184,"minecraft:amethyst_shard":1,"minecraft:spruce_sapling":1,"minecraft:blast_furnace":5,"silentgear:bort":8,"minecraft:spider_eye":9,"minecraft:slime_ball":1,"tacz:modern_kinetic_gun":3,"minecraft:chainmail_leggings":2,"minecraft:cherry_sapling":117,"tombstone:magic_scroll":2,"minecraft:melon_seeds":1,"minecraft:brown_banner":1,"minecraft:black_wool":2,"minecraft:coal":844,"minecraft:hopper":1,"minecraft:ender_pearl":1},"minecraft:killed":{"minecraft:cave_spider":1,"minecraft:witch":1,"minecraft:spider":26,"spore:leaper":2,"minecraft:skeleton":33,"alexsmobs:leafcutter_ant":1,"alexsmobs:straddler":1,"alexsmobs:laviathan":1,"spore:plagued":1,"alexsmobs:centipede_head":1,"minecraft:magma_cube":1,"minecraft:piglin":1,"minecraft:pig":7,"spore:inf_player":15,"spore:inf_wanderer":7,"minecraft:zombie_villager":3,"minecraft:salmon":3,"spore:inf_drowned":2,"minecraft:creeper":54,"alexsmobs:crimson_mosquito":1,"minecraft:sheep":16,"spore:inf_villager":24,"spore:mound":12,"alexsmobs:flutter":2,"minecraft:zombie":44,"spore:inf_human":81,"minecraft:ghast":4,"spore:wendigo":2,"spore:knight":7,"minecraft:cow":16,"minecraft:slime":1,"minecraft:phantom":1,"spore:griefer":1,"minecraft:drowned":2,"minecraft:squid":5,"jeg:boo":1,"spore:inf_pillager":31,"spore:inf_witch":6,"spore:claw":1,"minecraft:enderman":2},"minecraft:used":{"spore:sieger_spawnegg":2,"minecraft:peony":1,"minecraft:moss_block":11,"minecraft:cherry_sapling":2,"minecraft:moss_carpet":5,"minecraft:red_sand":13,"silentgear:sword":775,"spore:hinden_spawnegg":2,"minecraft:decorated_pot":1,"minecraft:chest":9,"minecraft:blue_stained_glass":38,"minecraft:jungle_planks":74,"minecraft:axolotl_bucket":1,"minecraft:tuff":5,"jeg:grenade":4,"minecraft:obsidian":15,"minecraft:jungle_sapling":1,"minecraft:lantern":16,"spore:proto_spawnegg":1,"minecraft:hopper_minecart":6,"spore:griefer_spawnegg":1,"minecraft:magma_block":3,"minecraft:bow":2,"minecraft:furnace":15,"minecraft:egg":1,"minecraft:potato":99,"minecraft:golden_boots":1,"minecraft:oak_planks":47,"minecraft:diamond_boots":1,"spore:inf_villager_spawnegg":1,"minecraft:cow_spawn_egg":2,"spore:armads":309,"spore:leaper_spawnegg":1,"minecraft:stone_pickaxe":134,"minecraft:ender_pearl":1,"minecraft:wooden_pickaxe":23,"minecraft:blackstone":170,"minecraft:sugar_cane":1,"minecraft:composter":2,"minecraft:white_wool":5,"minecraft:glow_berries":5,"spore:inf_pillager_spawnegg":1,"minecraft:blast_furnace":6,"spore:inf_wanderer_spawnegg":1,"minecraft:black_bed":2,"spore:scent_spawnegg":1,"spore:mound_spawnegg":1,"spore:knight_spawnegg":1,"minecraft:melon_slice":5,"minecraft:acacia_door":1,"minecraft:bread":224,"minecraft:cherry_sign":1,"minecraft:gravel":5,"minecraft:wooden_sword":26,"silentgear:helmet":1,"minecraft:andesite":6,"minecraft:bone_meal":4,"minecraft:cherry_boat":2,"silentgear:saw":111,"silentgear:excavator":333,"spore:infected_human_spawnegg":1,"minecraft:acacia_log":2,"minecraft:flint_and_steel":1,"tacz:gun_smith_table":5,"minecraft:netherrack":204,"spore:inf_drowned_spawnegg":12,"minecraft:orange_bed":5,"silentgear:chestplate":1,"minecraft:torch":127,"minecraft:dirt":344,"minecraft:hopper":7,"minecraft:diamond_helmet":1,"spore:inf_husk_spawnegg":1,"minecraft:granite":9,"minecraft:iron_hoe":168,"minecraft:bamboo_raft":1,"minecraft:chipped_anvil":1,"minecraft:flowering_azalea":1,"spore:reconstructor_spawnegg":1,"spore:infested_stone":1,"spore:usurper_spawnegg":1,"spore:infested_dirt":2,"minecraft:cherry_slab":46,"spore:braurei_spawnegg":1,"minecraft:cherry_trapdoor":5,"minecraft:bamboo":8,"minecraft:smooth_basalt":9,"spore:inf_vind_spawnegg":1,"silentgear:pickaxe":1531,"minecraft:diamond_chestplate":1,"minecraft:basalt":1,"minecraft:cherry_fence":121,"tombstone:gift":10,"silentgear:shield":43,"spore:plagued_spawnegg":2,"spore:vigil_spawnegg":3,"minecraft:cooked_beef":17,"minecraft:cobbled_deepslate":188,"minecraft:acacia_planks":9,"minecraft:bamboo_planks":4,"minecraft:wheat_seeds":2,"minecraft:cooked_mutton":8,"minecraft:water_bucket":107,"minecraft:birch_planks":9,"minecraft:baked_potato":17,"minecraft:cherry_planks":40,"spore:scamper_spawnegg":1,"minecraft:rail":8,"minecraft:crafting_table":15,"minecraft:smoker":3,"minecraft:oak_log":3,"minecraft:black_wool":1,"spore:inf_evo_spawnegg":1,"minecraft:iron_pickaxe":253,"tombstone:magic_scroll":3,"spore:inf_witch_spawnegg":1,"silentgear:hammer":1959,"minecraft:stone_axe":86,"minecraft:pink_petals":18,"minecraft:cobblestone":320,"minecraft:cooked_porkchop":1,"minecraft:bucket":111,"alexsmobs:animal_dictionary":6,"minecraft:diamond_leggings":1,"minecraft:splash_potion":55},"minecraft:killed_by":{"minecraft:creeper":7,"spore:inf_human":5,"alexsmobs:bunfungus":1,"spore:spitter":1,"spore:inf_player":9,"minecraft:piglin":1,"minecraft:cave_spider":1,"spore:inf_villager":2,"minecraft:zombie":2,"minecraft:player":17,"spore:inf_wanderer":3,"alexsmobs:tiger":1,"alexsmobs:centipede_head":1,"minecraft:skeleton":7},"minecraft:crafted":{"minecraft:black_dye":3,"minecraft:oak_planks":116,"silentgear:chestplate":1,"minecraft:cherry_slab":18,"silentgear:sturdy_repair_kit":44,"minecraft:cherry_boat":1,"silentgear:leggings":2,"sophisticatedbackpacks:crafting_upgrade":1,"minecraft:cooked_mutton":8,"sophisticatedbackpacks:smelting_upgrade":1,"minecraft:hopper":2,"minecraft:diamond_helmet":3,"minecraft:diamond_leggings":3,"spore:fleshy_bone":2,"spore:fleshy_claw":3,"minecraft:chest":15,"minecraft:cherry_fence":78,"sophisticatedbackpacks:backpack":2,"minecraft:cooked_porkchop":3,"minecraft:crafting_table":3,"minecraft:baked_potato":148,"minecraft:wooden_pickaxe":1,"minecraft:copper_ingot":424,"silentgear:excavator":2,"minecraft:hopper_minecart":1,"minecraft:birch_planks":24,"sophisticatedbackpacks:upgrade_base":2,"spore:armads":1,"minecraft:diamond_pickaxe":1,"minecraft:cherry_sign":3,"minecraft:charcoal":53,"minecraft:stick":124,"minecraft:iron_ingot":269,"minecraft:iron_pickaxe":1,"minecraft:gold_ingot":64,"minecraft:acacia_door":3,"silentgear:helmet":3,"silentgear:excavator_head":1,"minecraft:cherry_planks":236,"silentgear:pickaxe":5,"minecraft:wooden_sword":1,"minecraft:iron_nugget":73,"minecraft:furnace":5,"minecraft:bone_meal":6,"minecraft:cherry_trapdoor":2,"minecraft:lantern":8,"silentgear:boots":3,"minecraft:iron_hoe":1,"minecraft:stone_pickaxe":1,"minecraft:diamond_boots":3,"silentgear:sword":6,"minecraft:minecart":1,"minecraft:wheat":108,"sophisticatedbackpacks:iron_backpack":4,"minecraft:cooked_beef":29,"spore:living_core":1,"minecraft:diamond_sword":3,"jeg:repair_kit":1,"silentgear:iron_rod":8,"minecraft:bucket":4,"minecraft:stone_axe":1,"minecraft:jungle_planks":96,"minecraft:air":0,"minecraft:bread":36,"silentgear:hammer":18,"minecraft:acacia_planks":20,"minecraft:torch":116,"minecraft:diamond_chestplate":3},"minecraft:broken":{"minecraft:golden_boots":1,"minecraft:iron_boots":1,"minecraft:stone_pickaxe":1,"minecraft:iron_pickaxe":1,"minecraft:iron_helmet":1},"minecraft:dropped":{"spore:spine_fragment":3,"minecraft:brown_mushroom":1,"minecraft:cooked_beef":1,"minecraft:diamond":2,"minecraft:glow_berries":2,"jeg:grenade":4,"silentgear:fine_silk":1,"jeg:raw_brimstone":2,"minecraft:dirt":41,"minecraft:cherry_trapdoor":1,"minecraft:axolotl_bucket":1,"minecraft:iron_pickaxe":1,"minecraft:gravel":3,"minecraft:stone_axe":1,"minecraft:sugar_cane":2,"minecraft:ancient_debris":2,"minecraft:golden_chestplate":1,"minecraft:wheat":6,"tombstone:gift":1,"silentgear:sword":3,"minecraft:gunpowder":37,"minecraft:azalea":1,"silentgear:leather_scrap":4,"minecraft:arrow":7,"spore:armads":1,"minecraft:quartz":6,"spore:armor_fragment":64,"minecraft:netherrack":64,"minecraft:iron_ingot":27,"minecraft:water_bucket":2,"minecraft:bread":66,"minecraft:wheat_seeds":2,"minecraft:cobblestone":64,"minecraft:copper_ingot":117,"minecraft:torch":1,"silentgear:shield":1,"alexsmobs:fish_oil":6,"spore:tumor":1,"tombstone:grave_dust":2,"tacz:modern_kinetic_gun":3,"spore:mutated_heart":7,"minecraft:string":11,"silentgear:pickaxe":1,"jeg:repair_kit":1,"minecraft:deepslate":1,"minecraft:clay_ball":4,"spore:cerebrum":10,"sophisticatedbackpacks:backpack":1,"minecraft:name_tag":2,"spore:mutated_fiber":1,"minecraft:potato":384,"minecraft:peony":1,"minecraft:bamboo":1,"tacz:ammo":189,"sophisticatedbackpacks:copper_backpack":1,"minecraft:bow":1},"minecraft:custom":{"minecraft:interact_with_crafting_table":93,"minecraft:leave_game":28,"minecraft:time_since_death":4067,"minecraft:sprint_one_cm":2534775,"minecraft:damage_blocked_by_shield":2978,"minecraft:drop":350,"minecraft:talked_to_villager":6,"minecraft:play_time":1248525,"minecraft:deaths":68,"tombstone:tomb_raiding":1,"minecraft:jump":11880,"minecraft:walk_on_water_one_cm":193054,"minecraft:interact_with_furnace":121,"minecraft:sleep_in_bed":23,"tombstone:sneak_grave":1,"minecraft:damage_dealt":35092,"minecraft:player_kills":17,"minecraft:crouch_one_cm":255842,"tombstone:undead_killed":86,"minecraft:interact_with_smoker":32,"minecraft:interact_with_anvil":2,"minecraft:mob_kills":432,"minecraft:inspect_hopper":12,"minecraft:damage_dealt_resisted":425,"minecraft:climb_one_cm":49213,"minecraft:walk_one_cm":2664596,"minecraft:damage_dealt_absorbed":266,"minecraft:sneak_time":114078,"minecraft:walk_under_water_one_cm":126482,"minecraft:boat_one_cm":322840,"minecraft:interact_with_blast_furnace":91,"minecraft:total_world_time":1248525,"tombstone:raider_killed":2,"minecraft:time_since_rest":428,"minecraft:damage_taken":29714,"minecraft:swim_one_cm":376386,"minecraft:fly_one_cm":2120903,"minecraft:open_chest":529,"minecraft:fall_one_cm":304229}},"DataVersion":3465}