{"stats":{"minecraft:used":{"minecraft:acacia_log":2,"minecraft:birch_planks":9,"minecraft:stone_pickaxe":54,"minecraft:wooden_pickaxe":23,"minecraft:torch":4,"minecraft:dirt":11,"minecraft:crafting_table":7,"minecraft:oak_log":3,"minecraft:acacia_door":1,"minecraft:bread":4,"minecraft:stone_axe":40,"minecraft:wooden_sword":26,"minecraft:cobblestone":6,"minecraft:furnace":1,"minecraft:cooked_beef":3,"minecraft:acacia_planks":3},"minecraft:killed_by":{"minecraft:skeleton":1,"minecraft:creeper":2},"minecraft:crafted":{"minecraft:wooden_sword":1,"jeg:repair_kit":1,"minecraft:crafting_table":3,"minecraft:wooden_pickaxe":1,"minecraft:furnace":1,"minecraft:birch_planks":24,"minecraft:stone_axe":1,"minecraft:stick":8,"minecraft:stone_pickaxe":1,"minecraft:acacia_door":3,"minecraft:acacia_planks":20,"minecraft:torch":4},"minecraft:killed":{"minecraft:spider":1,"minecraft:zombie":1},"minecraft:mined":{"jeg:scrap_ore":10,"minecraft:orange_terracotta":1,"minecraft:jungle_leaves":2,"minecraft:crafting_table":4,"minecraft:torch":1,"minecraft:granite":1,"minecraft:acacia_log":9,"minecraft:grass_block":1,"minecraft:jungle_log":12,"minecraft:wall_torch":1,"minecraft:hay_block":28,"minecraft:birch_log":6,"minecraft:iron_ore":7,"minecraft:birch_leaves":1,"minecraft:grass":7,"minecraft:oak_log":16,"minecraft:coal_ore":32,"minecraft:vine":1,"minecraft:dirt":1,"minecraft:bamboo":8,"minecraft:acacia_planks":1,"minecraft:stone":23,"minecraft:oak_leaves":2,"minecraft:orange_bed":1},"minecraft:custom":{"minecraft:interact_with_furnace":1,"minecraft:mob_kills":2,"minecraft:interact_with_crafting_table":13,"minecraft:leave_game":13,"minecraft:time_since_death":2976,"minecraft:sleep_in_bed":1,"minecraft:climb_one_cm":2911,"minecraft:time_since_rest":577,"minecraft:sprint_one_cm":137819,"minecraft:damage_taken":1125,"minecraft:walk_one_cm":92299,"minecraft:damage_dealt":660,"minecraft:swim_one_cm":80428,"minecraft:fly_one_cm":102628,"minecraft:open_chest":1,"minecraft:crouch_one_cm":25215,"minecraft:play_time":86195,"tombstone:undead_killed":1,"minecraft:deaths":3,"minecraft:sneak_time":27748,"minecraft:walk_under_water_one_cm":9061,"minecraft:jump":779,"minecraft:walk_on_water_one_cm":17537,"minecraft:total_world_time":86195,"minecraft:fall_one_cm":15262},"minecraft:picked_up":{"minecraft:birch_log":6,"minecraft:cocoa_beans":1,"minecraft:crafting_table":5,"minecraft:cooked_beef":3,"minecraft:jungle_log":12,"minecraft:oak_log":16,"jeg:scrap":20,"minecraft:string":4,"minecraft:dirt":30,"minecraft:acacia_planks":1,"minecraft:wheat_seeds":2,"minecraft:bamboo":69,"jeg:tech_trash":2,"minecraft:raw_iron":7,"minecraft:torch":1,"minecraft:acacia_log":7,"minecraft:orange_bed":1,"minecraft:rotten_flesh":1,"minecraft:hay_block":27,"minecraft:granite":1,"minecraft:oak_sapling":1,"minecraft:brown_banner":1,"minecraft:coal":34,"minecraft:cobblestone":23}},"DataVersion":3465}