{"stats":{"minecraft:killed_by":{"minecraft:creeper":2,"spore:inf_human":3,"alexsmobs:bunfungus":1,"spore:spitter":1,"spore:inf_player":5,"minecraft:cave_spider":1,"spore:inf_villager":2,"minecraft:zombie":1,"minecraft:player":15,"spore:inf_wanderer":2,"alexsmobs:centipede_head":1,"minecraft:skeleton":7},"minecraft:used":{"spore:sieger_spawnegg":2,"minecraft:moss_block":9,"silentgear:sword":418,"spore:hinden_spawnegg":2,"minecraft:decorated_pot":1,"minecraft:chest":7,"minecraft:blue_stained_glass":38,"minecraft:jungle_planks":63,"minecraft:tuff":5,"minecraft:axolotl_bucket":1,"minecraft:jungle_sapling":1,"spore:proto_spawnegg":1,"spore:griefer_spawnegg":1,"minecraft:furnace":6,"minecraft:egg":1,"minecraft:golden_boots":1,"minecraft:diamond_boots":1,"spore:inf_villager_spawnegg":1,"spore:armads":99,"spore:leaper_spawnegg":1,"minecraft:stone_pickaxe":134,"minecraft:oak_planks":47,"minecraft:blackstone":30,"minecraft:wooden_pickaxe":23,"minecraft:glow_berries":3,"spore:inf_pillager_spawnegg":1,"spore:inf_wanderer_spawnegg":1,"spore:scent_spawnegg":1,"spore:mound_spawnegg":1,"spore:knight_spawnegg":1,"minecraft:acacia_door":1,"minecraft:bread":106,"minecraft:wooden_sword":26,"silentgear:helmet":1,"minecraft:andesite":4,"spore:infected_human_spawnegg":1,"minecraft:acacia_log":2,"silentgear:chestplate":1,"minecraft:orange_bed":3,"minecraft:torch":80,"minecraft:dirt":20,"minecraft:diamond_helmet":1,"spore:inf_husk_spawnegg":1,"minecraft:granite":9,"minecraft:bamboo_raft":1,"spore:reconstructor_spawnegg":1,"spore:usurper_spawnegg":1,"spore:braurei_spawnegg":1,"minecraft:smooth_basalt":9,"spore:inf_vind_spawnegg":1,"minecraft:diamond_chestplate":1,"minecraft:basalt":1,"silentgear:pickaxe":1210,"tombstone:gift":8,"spore:plagued_spawnegg":2,"spore:vigil_spawnegg":3,"minecraft:cooked_beef":5,"minecraft:acacia_planks":9,"minecraft:cobbled_deepslate":164,"silentgear:shield":37,"minecraft:bamboo_planks":4,"minecraft:water_bucket":2,"minecraft:birch_planks":9,"spore:scamper_spawnegg":1,"minecraft:crafting_table":12,"minecraft:oak_log":3,"spore:inf_evo_spawnegg":1,"minecraft:iron_pickaxe":253,"spore:inf_witch_spawnegg":1,"silentgear:hammer":6,"minecraft:stone_axe":86,"minecraft:cobblestone":181,"minecraft:bucket":4,"alexsmobs:animal_dictionary":6,"minecraft:splash_potion":45,"minecraft:diamond_leggings":1},"minecraft:mined":{"minecraft:jungle_leaves":3,"minecraft:cave_vines_plant":5,"minecraft:granite":9,"minecraft:red_sand":1,"minecraft:acacia_log":9,"minecraft:grass_block":2,"minecraft:jungle_log":12,"minecraft:bamboo_block":2,"minecraft:magma_block":1,"minecraft:iron_ore":74,"minecraft:cobbled_deepslate":18,"minecraft:fire":4,"minecraft:moss_carpet":2,"minecraft:deepslate_lapis_ore":1,"silentgear:deepslate_bort_ore":4,"minecraft:cave_vines":11,"minecraft:azalea":1,"minecraft:orange_bed":3,"minecraft:deepslate_redstone_ore":104,"minecraft:blackstone":47,"minecraft:orange_terracotta":1,"minecraft:clay":10,"minecraft:torch":27,"minecraft:calcite":4,"minecraft:chest":1,"minecraft:cobblestone":15,"minecraft:wall_torch":13,"minecraft:deepslate_copper_ore":76,"minecraft:jungle_wood":10,"minecraft:birch_log":7,"minecraft:grass":35,"minecraft:oak_log":26,"minecraft:dirt":6,"minecraft:smooth_basalt":10,"minecraft:red_mushroom_block":1,"minecraft:oak_leaves":7,"minecraft:deepslate":373,"spore:remains":1,"minecraft:tuff":4,"minecraft:deepslate_diamond_ore":77,"minecraft:decorated_pot":3,"minecraft:moss_block":14,"minecraft:hay_block":102,"minecraft:furnace":3,"minecraft:andesite":2,"minecraft:deepslate_iron_ore":142,"minecraft:vine":4,"minecraft:rail":1,"minecraft:bamboo":61,"minecraft:stone":173,"minecraft:podzol":2,"jeg:scrap_ore":38,"minecraft:basalt":1,"minecraft:crafting_table":8,"minecraft:stone_slab":1,"minecraft:tall_grass":10,"minecraft:copper_ore":111,"minecraft:deepslate_coal_ore":32,"minecraft:lapis_ore":2,"minecraft:deepslate_gold_ore":55,"minecraft:diorite":1,"minecraft:big_dripleaf":2,"jeg:deepslate_scrap_ore":25,"minecraft:birch_leaves":1,"minecraft:coal_ore":194,"minecraft:cobweb":27,"minecraft:acacia_planks":1,"minecraft:gold_ore":2,"minecraft:fern":4},"minecraft:picked_up":{"spore:mutated_heart":10,"minecraft:string":51,"spore:innards":1,"minecraft:raw_copper":660,"minecraft:cobbled_deepslate":243,"tacz:target":2,"minecraft:azalea":4,"minecraft:furnace":3,"minecraft:stick":3,"minecraft:big_dripleaf":5,"minecraft:oak_fence":1,"minecraft:torch":39,"minecraft:acacia_log":7,"tacz:attachment":1,"tombstone:grave_dust":9,"minecraft:golden_chestplate":1,"minecraft:orange_bed":3,"minecraft:rotten_flesh":40,"silentgear:leather_scrap":7,"minecraft:tropical_fish":25,"minecraft:cobblestone":201,"minecraft:birch_log":6,"minecraft:magma_block":1,"minecraft:cooked_beef":3,"minecraft:andesite":4,"minecraft:jungle_log":12,"minecraft:jungle_wood":10,"minecraft:tuff":5,"jeg:scrap":286,"minecraft:lapis_lazuli":13,"minecraft:dirt":58,"minecraft:name_tag":1,"minecraft:bone":44,"minecraft:acacia_planks":1,"minecraft:bow":1,"minecraft:wheat_seeds":34,"minecraft:raw_gold":56,"minecraft:bamboo":607,"minecraft:moss_block":18,"silentgear:fine_silk":1,"spore:cerebrum":5,"spore:armor_fragment":13,"minecraft:axolotl_bucket":1,"minecraft:bamboo_raft":1,"sophisticatedbackpacks:iron_backpack":2,"spore:claw_fragment":10,"minecraft:diamond":77,"minecraft:miner_pottery_sherd":1,"minecraft:granite":9,"minecraft:bone_meal":1,"minecraft:bread":17,"spore:spine_fragment":5,"minecraft:plenty_pottery_sherd":1,"minecraft:oak_sapling":9,"minecraft:crafting_table":9,"minecraft:cocoa_beans":1,"minecraft:clay_ball":98,"minecraft:moss_carpet":20,"tacz:ammo":765,"minecraft:blackstone":48,"minecraft:beef":4,"minecraft:jungle_sapling":2,"minecraft:light_gray_wool":1,"minecraft:chest":1,"minecraft:egg":1,"spore:tumor":2,"minecraft:raw_iron":260,"minecraft:copper_ingot":201,"silentgear:sturdy_repair_kit":1,"silentgear:hammer":1,"minecraft:redstone":439,"minecraft:arrow":51,"minecraft:decorated_pot":2,"minecraft:hay_block":102,"tombstone:essence_of_undeath":1,"minecraft:mutton":10,"minecraft:glow_berries":7,"minecraft:white_wool":3,"minecraft:rail":1,"minecraft:heartbreak_pottery_sherd":1,"minecraft:basalt":1,"minecraft:glow_ink_sac":1,"minecraft:leather":1,"minecraft:oak_log":26,"minecraft:golden_boots":1,"minecraft:gunpowder":77,"jeg:grenade":5,"silentgear:shield":2,"minecraft:iron_ingot":14,"minecraft:blade_pottery_sherd":1,"spore:mutated_fiber":133,"tombstone:bag_of_seeds":1,"jeg:tech_trash":13,"minecraft:flowering_azalea":1,"minecraft:smooth_basalt":10,"minecraft:bamboo_planks":6,"silentgear:bort":4,"minecraft:spider_eye":3,"tacz:modern_kinetic_gun":3,"minecraft:chainmail_leggings":1,"minecraft:black_wool":2,"tombstone:magic_scroll":1,"minecraft:brown_banner":1,"minecraft:melon_seeds":1,"minecraft:coal":350,"minecraft:ender_pearl":1},"minecraft:custom":{"minecraft:interact_with_crafting_table":55,"minecraft:leave_game":20,"minecraft:time_since_death":42872,"minecraft:sprint_one_cm":976430,"minecraft:damage_blocked_by_shield":2280,"minecraft:drop":46,"minecraft:play_time":523332,"minecraft:deaths":45,"tombstone:tomb_raiding":1,"minecraft:jump":5487,"minecraft:walk_on_water_one_cm":133917,"minecraft:interact_with_furnace":55,"minecraft:sleep_in_bed":5,"tombstone:sneak_grave":1,"minecraft:damage_dealt":13006,"minecraft:player_kills":11,"minecraft:crouch_one_cm":115641,"tombstone:undead_killed":60,"minecraft:mob_kills":159,"minecraft:damage_dealt_resisted":425,"minecraft:climb_one_cm":17961,"minecraft:walk_one_cm":918043,"minecraft:damage_dealt_absorbed":266,"minecraft:sneak_time":69066,"minecraft:walk_under_water_one_cm":55503,"minecraft:boat_one_cm":313316,"minecraft:interact_with_blast_furnace":38,"minecraft:total_world_time":523332,"minecraft:time_since_rest":40320,"minecraft:damage_taken":16741,"minecraft:swim_one_cm":250864,"minecraft:fly_one_cm":825830,"minecraft:open_chest":162,"minecraft:fall_one_cm":119494},"minecraft:broken":{"minecraft:golden_boots":1,"minecraft:iron_boots":1,"minecraft:stone_pickaxe":1,"minecraft:iron_pickaxe":1},"minecraft:killed":{"minecraft:cave_spider":1,"minecraft:spider":9,"minecraft:skeleton":27,"alexsmobs:centipede_head":1,"spore:plagued":1,"spore:inf_player":7,"spore:inf_wanderer":4,"minecraft:zombie_villager":2,"spore:inf_drowned":1,"minecraft:creeper":11,"minecraft:sheep":6,"spore:inf_villager":7,"spore:inf_human":32,"minecraft:zombie":27,"spore:wendigo":1,"spore:knight":1,"minecraft:cow":3,"spore:griefer":1,"minecraft:drowned":1,"spore:inf_pillager":5,"spore:inf_witch":4,"spore:claw":1},"minecraft:crafted":{"minecraft:oak_planks":92,"silentgear:chestplate":1,"silentgear:leggings":1,"minecraft:diamond_helmet":3,"minecraft:diamond_leggings":3,"spore:fleshy_bone":2,"spore:fleshy_claw":2,"minecraft:chest":7,"sophisticatedbackpacks:backpack":1,"minecraft:crafting_table":3,"minecraft:wooden_pickaxe":1,"minecraft:copper_ingot":348,"minecraft:birch_planks":24,"minecraft:diamond_pickaxe":1,"minecraft:stick":24,"minecraft:iron_ingot":143,"minecraft:iron_pickaxe":1,"minecraft:acacia_door":3,"minecraft:gold_ingot":53,"silentgear:helmet":1,"silentgear:pickaxe":2,"minecraft:wooden_sword":1,"minecraft:furnace":3,"silentgear:boots":1,"minecraft:stone_pickaxe":1,"minecraft:diamond_boots":3,"silentgear:sword":6,"minecraft:wheat":9,"minecraft:cooked_beef":2,"spore:living_core":1,"minecraft:diamond_sword":3,"jeg:repair_kit":1,"silentgear:iron_rod":4,"minecraft:bucket":1,"minecraft:stone_axe":1,"minecraft:jungle_planks":88,"minecraft:bread":3,"minecraft:air":0,"minecraft:acacia_planks":20,"minecraft:torch":36,"minecraft:diamond_chestplate":3},"minecraft:dropped":{"spore:spine_fragment":3,"minecraft:brown_mushroom":1,"minecraft:glow_berries":1,"jeg:grenade":1,"silentgear:fine_silk":1,"minecraft:axolotl_bucket":1,"minecraft:iron_pickaxe":1,"minecraft:stone_axe":1,"minecraft:golden_chestplate":1,"tombstone:gift":1,"silentgear:sword":3,"minecraft:gunpowder":37,"silentgear:leather_scrap":4,"minecraft:arrow":7,"minecraft:bread":57,"minecraft:wheat_seeds":1,"minecraft:copper_ingot":73,"silentgear:shield":1,"spore:tumor":1,"tombstone:grave_dust":2,"tacz:modern_kinetic_gun":3,"spore:mutated_heart":7,"minecraft:string":4,"silentgear:pickaxe":1,"jeg:repair_kit":1,"spore:cerebrum":10,"sophisticatedbackpacks:backpack":1,"spore:mutated_fiber":1,"minecraft:name_tag":2,"minecraft:bamboo":1,"tacz:ammo":189,"minecraft:bow":1}},"DataVersion":3465}