{"stats":{"minecraft:killed_by":{"minecraft:player":15,"minecraft:creeper":2,"spore:inf_human":2,"alexsmobs:bunfungus":1,"spore:inf_wanderer":1,"spore:inf_player":5,"minecraft:skeleton":4,"minecraft:zombie":1},"minecraft:dropped":{"minecraft:bread":57,"spore:spine_fragment":3,"minecraft:brown_mushroom":1,"minecraft:wheat_seeds":1,"jeg:grenade":1,"minecraft:copper_ingot":73,"silentgear:fine_silk":1,"silentgear:shield":1,"spore:tumor":1,"tombstone:grave_dust":2,"tacz:modern_kinetic_gun":3,"minecraft:axolotl_bucket":1,"spore:mutated_heart":7,"minecraft:iron_pickaxe":1,"minecraft:string":4,"silentgear:pickaxe":1,"jeg:repair_kit":1,"minecraft:golden_chestplate":1,"tombstone:gift":1,"spore:cerebrum":10,"sophisticatedbackpacks:backpack":1,"minecraft:name_tag":2,"spore:mutated_fiber":1,"silentgear:sword":3,"minecraft:gunpowder":37,"silentgear:leather_scrap":4,"minecraft:bamboo":1,"tacz:ammo":189,"minecraft:arrow":7,"minecraft:bow":1},"minecraft:broken":{"minecraft:golden_boots":1,"minecraft:stone_pickaxe":1},"minecraft:killed":{"minecraft:spider":2,"minecraft:skeleton":7,"spore:griefer":1,"spore:plagued":1,"spore:inf_wanderer":4,"minecraft:zombie_villager":1,"minecraft:creeper":5,"spore:inf_pillager":4,"spore:inf_villager":2,"spore:inf_human":6,"minecraft:zombie":13,"spore:inf_witch":1,"spore:claw":1,"spore:knight":1,"minecraft:cow":3},"minecraft:used":{"spore:sieger_spawnegg":2,"spore:infected_human_spawnegg":1,"silentgear:sword":189,"minecraft:acacia_log":2,"spore:hinden_spawnegg":2,"minecraft:decorated_pot":1,"minecraft:chest":7,"minecraft:orange_bed":3,"minecraft:torch":54,"minecraft:dirt":20,"minecraft:blue_stained_glass":38,"minecraft:jungle_planks":59,"spore:inf_husk_spawnegg":1,"minecraft:granite":9,"minecraft:axolotl_bucket":1,"minecraft:jungle_sapling":1,"spore:reconstructor_spawnegg":1,"spore:usurper_spawnegg":1,"spore:braurei_spawnegg":1,"spore:proto_spawnegg":1,"spore:inf_vind_spawnegg":1,"spore:griefer_spawnegg":1,"silentgear:pickaxe":137,"minecraft:basalt":1,"minecraft:furnace":6,"tombstone:gift":4,"spore:plagued_spawnegg":2,"spore:vigil_spawnegg":3,"minecraft:egg":1,"minecraft:cooked_beef":3,"minecraft:cobbled_deepslate":8,"minecraft:acacia_planks":9,"silentgear:shield":30,"minecraft:bamboo_planks":4,"minecraft:golden_boots":1,"minecraft:water_bucket":2,"spore:inf_villager_spawnegg":1,"spore:armads":99,"spore:leaper_spawnegg":1,"minecraft:birch_planks":9,"minecraft:stone_pickaxe":134,"minecraft:oak_planks":47,"minecraft:blackstone":8,"minecraft:wooden_pickaxe":23,"spore:scamper_spawnegg":1,"spore:inf_pillager_spawnegg":1,"minecraft:crafting_table":12,"spore:inf_wanderer_spawnegg":1,"spore:scent_spawnegg":1,"spore:knight_spawnegg":1,"spore:mound_spawnegg":1,"minecraft:oak_log":3,"minecraft:acacia_door":1,"spore:inf_evo_spawnegg":1,"minecraft:bread":52,"minecraft:iron_pickaxe":136,"spore:inf_witch_spawnegg":1,"minecraft:stone_axe":83,"minecraft:wooden_sword":26,"minecraft:cobblestone":60,"minecraft:andesite":2,"minecraft:bucket":4,"alexsmobs:animal_dictionary":6,"minecraft:splash_potion":45},"minecraft:mined":{"minecraft:deepslate_diamond_ore":14,"minecraft:jungle_leaves":2,"minecraft:granite":9,"minecraft:red_sand":1,"minecraft:acacia_log":9,"minecraft:grass_block":2,"minecraft:decorated_pot":3,"minecraft:jungle_log":12,"minecraft:bamboo_block":2,"minecraft:moss_block":1,"minecraft:hay_block":28,"minecraft:furnace":3,"minecraft:iron_ore":39,"minecraft:fire":3,"minecraft:moss_carpet":1,"minecraft:cave_vines":5,"minecraft:deepslate_iron_ore":47,"minecraft:vine":1,"minecraft:bamboo":61,"minecraft:stone":58,"minecraft:orange_bed":3,"minecraft:podzol":2,"jeg:scrap_ore":22,"minecraft:blackstone":16,"minecraft:orange_terracotta":1,"minecraft:basalt":1,"minecraft:clay":1,"minecraft:crafting_table":8,"minecraft:torch":15,"minecraft:chest":1,"minecraft:tall_grass":3,"minecraft:copper_ore":27,"minecraft:cobblestone":3,"minecraft:deepslate_coal_ore":16,"minecraft:deepslate_gold_ore":9,"minecraft:diorite":1,"minecraft:wall_torch":8,"minecraft:big_dripleaf":1,"minecraft:deepslate_copper_ore":19,"jeg:deepslate_scrap_ore":17,"minecraft:jungle_wood":6,"minecraft:birch_log":6,"minecraft:birch_leaves":1,"minecraft:grass":17,"minecraft:oak_log":26,"minecraft:coal_ore":88,"minecraft:dirt":6,"minecraft:smooth_basalt":1,"minecraft:acacia_planks":1,"minecraft:red_mushroom_block":1,"minecraft:gold_ore":1,"minecraft:oak_leaves":5,"minecraft:deepslate":23,"minecraft:fern":1},"minecraft:picked_up":{"spore:mutated_heart":6,"minecraft:cocoa_beans":1,"minecraft:crafting_table":9,"minecraft:clay_ball":13,"spore:innards":1,"minecraft:string":8,"minecraft:moss_carpet":5,"minecraft:raw_copper":160,"tacz:ammo":450,"minecraft:blackstone":19,"minecraft:cobbled_deepslate":23,"minecraft:beef":4,"tacz:target":2,"minecraft:jungle_sapling":1,"minecraft:azalea":1,"minecraft:chest":1,"minecraft:furnace":3,"minecraft:egg":1,"spore:tumor":2,"minecraft:raw_iron":130,"minecraft:copper_ingot":201,"minecraft:big_dripleaf":3,"minecraft:torch":22,"minecraft:acacia_log":7,"tacz:attachment":1,"tombstone:grave_dust":3,"silentgear:leather_scrap":4,"minecraft:orange_bed":3,"minecraft:rotten_flesh":23,"minecraft:arrow":11,"minecraft:tropical_fish":25,"minecraft:decorated_pot":2,"minecraft:hay_block":27,"minecraft:cobblestone":74,"minecraft:heartbreak_pottery_sherd":1,"minecraft:birch_log":6,"minecraft:cooked_beef":3,"minecraft:basalt":1,"minecraft:glow_ink_sac":1,"minecraft:andesite":2,"minecraft:jungle_log":12,"minecraft:leather":1,"minecraft:jungle_wood":6,"minecraft:oak_log":26,"jeg:scrap":243,"minecraft:golden_boots":1,"minecraft:gunpowder":65,"minecraft:dirt":39,"jeg:grenade":2,"minecraft:name_tag":1,"minecraft:bone":18,"minecraft:acacia_planks":1,"minecraft:wheat_seeds":5,"minecraft:raw_gold":10,"silentgear:shield":2,"minecraft:iron_ingot":14,"minecraft:blade_pottery_sherd":1,"tombstone:bag_of_seeds":1,"spore:mutated_fiber":83,"minecraft:bamboo":583,"minecraft:moss_block":1,"jeg:tech_trash":9,"minecraft:flowering_azalea":1,"silentgear:fine_silk":1,"minecraft:smooth_basalt":1,"spore:cerebrum":1,"minecraft:bamboo_planks":6,"spore:armor_fragment":1,"minecraft:axolotl_bucket":1,"sophisticatedbackpacks:iron_backpack":1,"spore:claw_fragment":4,"minecraft:diamond":14,"tacz:modern_kinetic_gun":3,"minecraft:miner_pottery_sherd":1,"minecraft:granite":9,"minecraft:bone_meal":1,"minecraft:bread":17,"minecraft:oak_sapling":4,"spore:spine_fragment":5,"minecraft:plenty_pottery_sherd":1,"minecraft:brown_banner":1,"minecraft:coal":228},"minecraft:crafted":{"silentgear:pickaxe":2,"minecraft:wooden_sword":1,"minecraft:oak_planks":92,"minecraft:furnace":3,"minecraft:stone_pickaxe":1,"minecraft:chest":7,"silentgear:sword":6,"minecraft:wheat":9,"minecraft:diamond_sword":3,"sophisticatedbackpacks:backpack":1,"silentgear:iron_rod":4,"jeg:repair_kit":1,"minecraft:crafting_table":3,"minecraft:wooden_pickaxe":1,"minecraft:birch_planks":24,"minecraft:bucket":1,"minecraft:stone_axe":1,"minecraft:bread":3,"minecraft:air":0,"minecraft:jungle_planks":72,"minecraft:diamond_pickaxe":1,"minecraft:stick":24,"minecraft:iron_ingot":13,"minecraft:iron_pickaxe":1,"minecraft:acacia_door":3,"minecraft:acacia_planks":20,"minecraft:torch":36},"minecraft:custom":{"minecraft:mob_kills":55,"minecraft:interact_with_crafting_table":42,"minecraft:leave_game":16,"minecraft:time_since_death":3283,"minecraft:climb_one_cm":13185,"minecraft:sprint_one_cm":605591,"minecraft:walk_one_cm":537671,"minecraft:damage_blocked_by_shield":1860,"minecraft:drop":44,"minecraft:damage_dealt_absorbed":80,"minecraft:play_time":313408,"minecraft:sneak_time":48291,"minecraft:deaths":33,"minecraft:walk_under_water_one_cm":38647,"tombstone:tomb_raiding":1,"minecraft:jump":3450,"minecraft:interact_with_blast_furnace":5,"minecraft:walk_on_water_one_cm":90695,"minecraft:total_world_time":313408,"minecraft:interact_with_furnace":33,"minecraft:sleep_in_bed":4,"minecraft:time_since_rest":2747,"minecraft:damage_taken":10960,"tombstone:sneak_grave":1,"minecraft:damage_dealt":7746,"minecraft:swim_one_cm":226719,"minecraft:player_kills":10,"minecraft:fly_one_cm":559889,"minecraft:open_chest":91,"minecraft:crouch_one_cm":74241,"tombstone:undead_killed":21,"minecraft:fall_one_cm":75232}},"DataVersion":3465}