{"stats":{"minecraft:picked_up":{"spore:mutated_heart":11,"minecraft:wheat":6,"minecraft:enchanted_book":1,"spore:innards":2,"minecraft:string":81,"minecraft:raw_copper":794,"minecraft:iron_leggings":1,"minecraft:cherry_boat":1,"alexsmobs:blood_sac":1,"minecraft:red_sand":13,"minecraft:cobbled_deepslate":281,"tacz:target":2,"minecraft:azalea":7,"minecraft:furnace":11,"minecraft:golden_helmet":1,"minecraft:stick":28,"minecraft:big_dripleaf":5,"minecraft:oak_fence":1,"minecraft:torch":61,"minecraft:acacia_log":7,"minecraft:porkchop":10,"tacz:attachment":1,"minecraft:cherry_log":54,"tombstone:grave_dust":13,"minecraft:diorite":13,"minecraft:golden_chestplate":1,"minecraft:orange_bed":5,"silentgear:leather_scrap":7,"minecraft:rotten_flesh":50,"minecraft:tropical_fish":25,"minecraft:obsidian":15,"minecraft:cobblestone":5662,"minecraft:birch_log":6,"minecraft:pink_petals":118,"minecraft:magma_block":20,"minecraft:cooked_beef":5,"minecraft:cherry_planks":6,"minecraft:andesite":20,"minecraft:jungle_log":12,"minecraft:black_bed":2,"minecraft:jungle_wood":10,"minecraft:flint":15,"minecraft:tuff":5,"minecraft:cherry_fence":3,"jeg:scrap":330,"minecraft:lapis_lazuli":13,"minecraft:dirt":683,"minecraft:lantern":2,"minecraft:name_tag":1,"minecraft:bone":52,"minecraft:chipped_anvil":1,"minecraft:acacia_planks":1,"minecraft:bow":2,"minecraft:wheat_seeds":77,"minecraft:raw_gold":67,"silentgear:saw":1,"minecraft:bamboo":619,"tacz:gun_smith_table":5,"minecraft:moss_block":20,"silentgear:crimson_iron_ingot":21,"minecraft:ghast_tear":1,"silentgear:fine_silk":1,"spore:cerebrum":10,"spore:armor_fragment":37,"minecraft:axolotl_bucket":1,"silentgear:excavator_blueprint":1,"minecraft:jungle_planks":2,"minecraft:bamboo_raft":2,"sophisticatedbackpacks:iron_backpack":2,"minecraft:ink_sac":1,"minecraft:grass_block":2,"spore:claw_fragment":38,"minecraft:diamond":86,"minecraft:miner_pottery_sherd":1,"minecraft:granite":9,"minecraft:bone_meal":1,"minecraft:emerald":4,"minecraft:bread":70,"spore:spine_fragment":8,"minecraft:plenty_pottery_sherd":1,"minecraft:oak_sapling":9,"minecraft:netherrack":851,"minecraft:crimson_roots":2,"minecraft:cocoa_beans":1,"minecraft:crafting_table":13,"minecraft:splash_potion":1,"minecraft:clay_ball":181,"minecraft:moss_carpet":20,"tacz:ammo":1125,"minecraft:iron_shovel":1,"minecraft:blackstone":1562,"minecraft:beef":14,"alexsmobs:elastic_tendon":2,"minecraft:jungle_sapling":2,"minecraft:iron_nugget":8,"minecraft:light_gray_wool":1,"minecraft:sugar_cane":3,"minecraft:chest":1,"minecraft:egg":1,"spore:tumor":2,"minecraft:raw_iron":345,"minecraft:copper_ingot":431,"silentgear:sturdy_repair_kit":5,"silentgear:hammer":1,"minecraft:redstone":468,"minecraft:arrow":62,"minecraft:decorated_pot":2,"minecraft:peony":2,"minecraft:hay_block":102,"tombstone:essence_of_undeath":1,"sophisticatedbackpacks:copper_backpack":1,"spore:tendons":3,"minecraft:glow_berries":9,"minecraft:mutton":10,"jeg:raw_brimstone":5,"minecraft:rail":1,"minecraft:white_wool":3,"minecraft:heartbreak_pottery_sherd":1,"minecraft:basalt":65,"minecraft:glow_ink_sac":1,"minecraft:crimson_stem":1,"minecraft:leather":4,"minecraft:oak_log":26,"minecraft:ancient_debris":4,"minecraft:golden_boots":1,"minecraft:nether_wart_block":1,"minecraft:gunpowder":99,"jeg:grenade":15,"minecraft:spore_blossom":1,"silentgear:shield":2,"minecraft:iron_ingot":80,"minecraft:blade_pottery_sherd":1,"spore:mutated_fiber":168,"tombstone:bag_of_seeds":2,"minecraft:flowering_azalea":1,"jeg:tech_trash":15,"minecraft:smooth_basalt":10,"minecraft:bamboo_planks":6,"minecraft:quartz":70,"minecraft:gravel":118,"minecraft:amethyst_shard":1,"minecraft:blast_furnace":5,"silentgear:bort":8,"minecraft:spider_eye":7,"tacz:modern_kinetic_gun":3,"minecraft:chainmail_leggings":2,"minecraft:cherry_sapling":103,"minecraft:melon_seeds":1,"tombstone:magic_scroll":1,"minecraft:brown_banner":1,"minecraft:black_wool":2,"minecraft:coal":728,"minecraft:ender_pearl":1},"minecraft:broken":{"minecraft:golden_boots":1,"minecraft:iron_boots":1,"minecraft:stone_pickaxe":1,"minecraft:iron_pickaxe":1},"minecraft:crafted":{"minecraft:black_dye":1,"minecraft:oak_planks":92,"silentgear:chestplate":1,"silentgear:sturdy_repair_kit":44,"minecraft:cherry_boat":1,"silentgear:leggings":1,"minecraft:diamond_helmet":3,"minecraft:diamond_leggings":3,"spore:fleshy_bone":2,"spore:fleshy_claw":3,"minecraft:chest":8,"minecraft:cherry_fence":54,"sophisticatedbackpacks:backpack":1,"minecraft:crafting_table":3,"minecraft:wooden_pickaxe":1,"minecraft:copper_ingot":348,"silentgear:excavator":2,"minecraft:birch_planks":24,"spore:armads":1,"minecraft:cherry_sign":3,"minecraft:diamond_pickaxe":1,"minecraft:stick":80,"minecraft:iron_ingot":209,"minecraft:iron_pickaxe":1,"minecraft:gold_ingot":53,"minecraft:acacia_door":3,"silentgear:helmet":1,"silentgear:excavator_head":1,"silentgear:pickaxe":5,"minecraft:cherry_planks":144,"minecraft:wooden_sword":1,"minecraft:iron_nugget":64,"minecraft:furnace":3,"minecraft:lantern":8,"silentgear:boots":1,"minecraft:stone_pickaxe":1,"minecraft:diamond_boots":3,"silentgear:sword":6,"minecraft:wheat":108,"sophisticatedbackpacks:iron_backpack":1,"minecraft:cooked_beef":2,"spore:living_core":1,"minecraft:diamond_sword":3,"jeg:repair_kit":1,"silentgear:iron_rod":8,"minecraft:bucket":3,"minecraft:stone_axe":1,"minecraft:jungle_planks":88,"minecraft:air":0,"minecraft:bread":36,"silentgear:hammer":14,"minecraft:acacia_planks":20,"minecraft:torch":100,"minecraft:diamond_chestplate":3},"minecraft:mined":{"minecraft:cherry_log":140,"minecraft:jungle_leaves":3,"minecraft:obsidian":16,"minecraft:cave_vines_plant":7,"minecraft:granite":9,"minecraft:red_sand":3,"minecraft:acacia_log":9,"minecraft:grass_block":450,"minecraft:jungle_log":12,"minecraft:bamboo_block":2,"tacz:gun_smith_table":5,"minecraft:magma_block":21,"minecraft:iron_ore":133,"minecraft:cobbled_deepslate":20,"minecraft:fire":6,"minecraft:moss_carpet":2,"minecraft:deepslate_lapis_ore":1,"silentgear:deepslate_bort_ore":8,"minecraft:flowering_azalea_leaves":2,"minecraft:cave_vines":13,"minecraft:azalea_leaves":7,"minecraft:azalea":3,"minecraft:orange_bed":4,"minecraft:deepslate_redstone_ore":113,"minecraft:blackstone":1598,"minecraft:orange_terracotta":1,"minecraft:clay":17,"minecraft:torch":33,"minecraft:blast_furnace":4,"minecraft:calcite":4,"minecraft:chest":1,"minecraft:nether_quartz_ore":71,"minecraft:cobblestone":41,"minecraft:sugar_cane":2,"minecraft:wall_torch":24,"minecraft:deepslate_copper_ore":82,"minecraft:pink_petals":13,"minecraft:cherry_fence":3,"minecraft:jungle_wood":10,"minecraft:birch_log":7,"minecraft:black_bed":1,"minecraft:grass":75,"minecraft:oak_log":27,"minecraft:dirt":605,"minecraft:smooth_basalt":10,"minecraft:red_mushroom_block":1,"minecraft:netherrack":1001,"minecraft:ancient_debris":2,"minecraft:oak_leaves":7,"minecraft:deepslate":410,"spore:remains":1,"minecraft:tuff":4,"minecraft:deepslate_diamond_ore":86,"minecraft:decorated_pot":3,"minecraft:jungle_planks":1,"minecraft:crimson_roots":2,"minecraft:moss_block":16,"minecraft:hay_block":102,"minecraft:furnace":8,"minecraft:andesite":24,"minecraft:deepslate_iron_ore":164,"minecraft:vine":5,"minecraft:rail":1,"minecraft:bamboo":61,"minecraft:stone":8204,"jeg:blackstone_brimstone_ore":4,"minecraft:podzol":2,"jeg:scrap_ore":57,"minecraft:cherry_planks":6,"minecraft:basalt":214,"minecraft:crafting_table":12,"minecraft:emerald_ore":2,"minecraft:stone_slab":1,"minecraft:tall_grass":16,"minecraft:copper_ore":141,"minecraft:deepslate_coal_ore":32,"minecraft:lapis_ore":2,"minecraft:deepslate_gold_ore":66,"minecraft:diorite":14,"minecraft:big_dripleaf":2,"jeg:deepslate_scrap_ore":25,"minecraft:birch_leaves":1,"minecraft:coal_ore":262,"minecraft:gravel":110,"minecraft:cobweb":27,"minecraft:acacia_planks":1,"minecraft:small_dripleaf":1,"minecraft:chipped_anvil":1,"minecraft:gold_ore":2,"minecraft:fern":10},"minecraft:custom":{"minecraft:interact_with_crafting_table":77,"minecraft:leave_game":25,"minecraft:time_since_death":16587,"minecraft:sprint_one_cm":1854525,"minecraft:damage_blocked_by_shield":2978,"minecraft:drop":74,"minecraft:talked_to_villager":1,"minecraft:play_time":913587,"minecraft:deaths":52,"tombstone:tomb_raiding":1,"minecraft:jump":8839,"minecraft:walk_on_water_one_cm":142933,"minecraft:interact_with_furnace":90,"minecraft:sleep_in_bed":9,"tombstone:sneak_grave":1,"minecraft:damage_dealt":22434,"minecraft:player_kills":16,"minecraft:crouch_one_cm":178150,"tombstone:undead_killed":71,"minecraft:interact_with_anvil":2,"minecraft:mob_kills":260,"minecraft:damage_dealt_resisted":425,"minecraft:climb_one_cm":38153,"minecraft:walk_one_cm":1918369,"minecraft:damage_dealt_absorbed":266,"minecraft:sneak_time":89186,"minecraft:walk_under_water_one_cm":73609,"minecraft:boat_one_cm":322840,"minecraft:interact_with_blast_furnace":67,"minecraft:total_world_time":913587,"tombstone:raider_killed":2,"minecraft:time_since_rest":16292,"minecraft:damage_taken":21523,"minecraft:swim_one_cm":307187,"minecraft:fly_one_cm":1569086,"minecraft:open_chest":337,"minecraft:fall_one_cm":208243},"minecraft:killed_by":{"minecraft:creeper":4,"spore:inf_human":3,"alexsmobs:bunfungus":1,"spore:spitter":1,"spore:inf_player":5,"minecraft:piglin":1,"minecraft:cave_spider":1,"spore:inf_villager":2,"minecraft:zombie":1,"minecraft:player":15,"spore:inf_wanderer":2,"alexsmobs:tiger":1,"alexsmobs:centipede_head":1,"minecraft:skeleton":7},"minecraft:used":{"spore:sieger_spawnegg":2,"minecraft:peony":1,"minecraft:moss_block":9,"minecraft:cherry_sapling":2,"minecraft:red_sand":13,"silentgear:sword":538,"spore:hinden_spawnegg":2,"minecraft:decorated_pot":1,"minecraft:chest":8,"minecraft:blue_stained_glass":38,"minecraft:jungle_planks":74,"minecraft:tuff":5,"minecraft:axolotl_bucket":1,"jeg:grenade":2,"minecraft:obsidian":15,"minecraft:jungle_sapling":1,"minecraft:lantern":10,"spore:proto_spawnegg":1,"spore:griefer_spawnegg":1,"minecraft:furnace":15,"minecraft:egg":1,"minecraft:golden_boots":1,"minecraft:diamond_boots":1,"spore:inf_villager_spawnegg":1,"minecraft:cow_spawn_egg":2,"spore:armads":169,"spore:leaper_spawnegg":1,"minecraft:stone_pickaxe":134,"minecraft:oak_planks":47,"minecraft:ender_pearl":1,"minecraft:wooden_pickaxe":23,"minecraft:blackstone":121,"minecraft:sugar_cane":1,"minecraft:white_wool":3,"minecraft:glow_berries":5,"spore:inf_pillager_spawnegg":1,"minecraft:blast_furnace":6,"spore:inf_wanderer_spawnegg":1,"minecraft:black_bed":2,"spore:scent_spawnegg":1,"spore:mound_spawnegg":1,"spore:knight_spawnegg":1,"minecraft:acacia_door":1,"minecraft:bread":182,"minecraft:cherry_sign":1,"minecraft:wooden_sword":26,"silentgear:helmet":1,"minecraft:andesite":4,"silentgear:saw":24,"silentgear:excavator":285,"minecraft:cherry_boat":2,"spore:infected_human_spawnegg":1,"minecraft:acacia_log":2,"minecraft:flint_and_steel":1,"tacz:gun_smith_table":5,"minecraft:netherrack":204,"minecraft:orange_bed":5,"silentgear:chestplate":1,"minecraft:torch":101,"minecraft:dirt":194,"minecraft:diamond_helmet":1,"spore:inf_husk_spawnegg":1,"minecraft:granite":9,"minecraft:bamboo_raft":1,"minecraft:chipped_anvil":1,"spore:reconstructor_spawnegg":1,"spore:usurper_spawnegg":1,"spore:braurei_spawnegg":1,"minecraft:bamboo":8,"minecraft:smooth_basalt":9,"spore:inf_vind_spawnegg":1,"minecraft:diamond_chestplate":1,"silentgear:pickaxe":1292,"minecraft:basalt":1,"minecraft:cherry_fence":36,"tombstone:gift":10,"spore:plagued_spawnegg":2,"spore:vigil_spawnegg":3,"minecraft:cooked_beef":7,"minecraft:cobbled_deepslate":170,"minecraft:acacia_planks":9,"silentgear:shield":43,"minecraft:bamboo_planks":4,"minecraft:water_bucket":27,"minecraft:birch_planks":9,"minecraft:cherry_planks":20,"spore:scamper_spawnegg":1,"minecraft:crafting_table":15,"minecraft:oak_log":3,"minecraft:black_wool":1,"spore:inf_evo_spawnegg":1,"minecraft:iron_pickaxe":253,"spore:inf_witch_spawnegg":1,"silentgear:hammer":1462,"minecraft:stone_axe":86,"minecraft:pink_petals":7,"minecraft:cobblestone":295,"minecraft:bucket":30,"alexsmobs:animal_dictionary":6,"minecraft:diamond_leggings":1,"minecraft:splash_potion":55},"minecraft:killed":{"minecraft:cave_spider":1,"minecraft:witch":1,"minecraft:spider":22,"spore:leaper":1,"minecraft:skeleton":29,"alexsmobs:leafcutter_ant":1,"alexsmobs:straddler":1,"alexsmobs:laviathan":1,"spore:plagued":1,"alexsmobs:centipede_head":1,"minecraft:magma_cube":1,"minecraft:piglin":1,"minecraft:pig":5,"spore:inf_player":9,"spore:inf_wanderer":5,"minecraft:zombie_villager":2,"spore:inf_drowned":1,"minecraft:creeper":36,"alexsmobs:crimson_mosquito":1,"minecraft:sheep":6,"spore:inf_villager":10,"alexsmobs:flutter":1,"spore:inf_human":43,"minecraft:zombie":34,"minecraft:ghast":4,"spore:wendigo":2,"spore:knight":3,"minecraft:cow":7,"minecraft:phantom":1,"spore:griefer":1,"minecraft:drowned":2,"minecraft:squid":1,"jeg:boo":1,"spore:inf_pillager":8,"spore:inf_witch":6,"spore:claw":1,"minecraft:enderman":2},"minecraft:dropped":{"spore:spine_fragment":3,"minecraft:brown_mushroom":1,"minecraft:diamond":2,"minecraft:glow_berries":2,"jeg:grenade":4,"silentgear:fine_silk":1,"jeg:raw_brimstone":2,"minecraft:dirt":41,"minecraft:axolotl_bucket":1,"minecraft:iron_pickaxe":1,"minecraft:gravel":3,"minecraft:stone_axe":1,"minecraft:sugar_cane":2,"minecraft:ancient_debris":2,"minecraft:golden_chestplate":1,"minecraft:wheat":6,"tombstone:gift":1,"silentgear:sword":3,"minecraft:gunpowder":37,"silentgear:leather_scrap":4,"minecraft:arrow":7,"minecraft:quartz":6,"spore:armor_fragment":64,"minecraft:netherrack":64,"minecraft:iron_ingot":27,"minecraft:bread":57,"minecraft:wheat_seeds":2,"minecraft:copper_ingot":117,"minecraft:torch":1,"silentgear:shield":1,"spore:tumor":1,"tombstone:grave_dust":2,"tacz:modern_kinetic_gun":3,"spore:mutated_heart":7,"minecraft:string":8,"silentgear:pickaxe":1,"jeg:repair_kit":1,"spore:cerebrum":10,"sophisticatedbackpacks:backpack":1,"minecraft:name_tag":2,"spore:mutated_fiber":1,"minecraft:peony":1,"minecraft:bamboo":1,"tacz:ammo":189,"sophisticatedbackpacks:copper_backpack":1,"minecraft:bow":1}},"DataVersion":3465}