{"stats":{"minecraft:used":{"spore:sieger_spawnegg":2,"spore:infected_human_spawnegg":1,"silentgear:sword":239,"minecraft:acacia_log":2,"spore:hinden_spawnegg":2,"minecraft:decorated_pot":1,"minecraft:chest":7,"minecraft:orange_bed":3,"minecraft:torch":65,"minecraft:dirt":20,"minecraft:blue_stained_glass":38,"minecraft:jungle_planks":59,"minecraft:tuff":2,"spore:inf_husk_spawnegg":1,"minecraft:granite":9,"minecraft:axolotl_bucket":1,"minecraft:jungle_sapling":1,"spore:reconstructor_spawnegg":1,"spore:usurper_spawnegg":1,"spore:braurei_spawnegg":1,"spore:proto_spawnegg":1,"spore:griefer_spawnegg":1,"silentgear:pickaxe":745,"minecraft:basalt":1,"spore:inf_vind_spawnegg":1,"minecraft:furnace":6,"tombstone:gift":8,"spore:plagued_spawnegg":2,"minecraft:egg":1,"spore:vigil_spawnegg":3,"minecraft:cooked_beef":5,"minecraft:cobbled_deepslate":69,"minecraft:acacia_planks":9,"silentgear:shield":30,"minecraft:bamboo_planks":4,"minecraft:golden_boots":1,"minecraft:water_bucket":2,"spore:inf_villager_spawnegg":1,"spore:armads":99,"minecraft:birch_planks":9,"spore:leaper_spawnegg":1,"minecraft:stone_pickaxe":134,"minecraft:oak_planks":47,"minecraft:blackstone":8,"minecraft:wooden_pickaxe":23,"spore:scamper_spawnegg":1,"spore:inf_pillager_spawnegg":1,"minecraft:crafting_table":12,"spore:scent_spawnegg":1,"spore:inf_wanderer_spawnegg":1,"spore:knight_spawnegg":1,"spore:mound_spawnegg":1,"minecraft:oak_log":3,"minecraft:acacia_door":1,"spore:inf_evo_spawnegg":1,"minecraft:bread":72,"minecraft:iron_pickaxe":253,"spore:inf_witch_spawnegg":1,"minecraft:stone_axe":86,"minecraft:wooden_sword":26,"minecraft:cobblestone":136,"minecraft:andesite":2,"minecraft:bucket":4,"alexsmobs:animal_dictionary":6,"minecraft:splash_potion":45},"minecraft:killed_by":{"minecraft:player":15,"minecraft:creeper":2,"spore:inf_human":3,"alexsmobs:bunfungus":1,"spore:inf_wanderer":1,"spore:spitter":1,"spore:inf_player":5,"minecraft:cave_spider":1,"spore:inf_villager":1,"minecraft:skeleton":6,"minecraft:zombie":1},"minecraft:crafted":{"silentgear:pickaxe":2,"minecraft:wooden_sword":1,"minecraft:oak_planks":92,"minecraft:furnace":3,"spore:fleshy_bone":2,"spore:fleshy_claw":2,"minecraft:stone_pickaxe":1,"minecraft:chest":7,"silentgear:sword":6,"minecraft:cooked_beef":2,"minecraft:wheat":9,"spore:living_core":1,"minecraft:diamond_sword":3,"sophisticatedbackpacks:backpack":1,"silentgear:iron_rod":4,"jeg:repair_kit":1,"minecraft:crafting_table":3,"minecraft:wooden_pickaxe":1,"minecraft:copper_ingot":64,"minecraft:bucket":1,"minecraft:birch_planks":24,"minecraft:stone_axe":1,"minecraft:air":0,"minecraft:bread":3,"minecraft:jungle_planks":72,"minecraft:diamond_pickaxe":1,"minecraft:stick":24,"minecraft:iron_ingot":33,"minecraft:iron_pickaxe":1,"minecraft:gold_ingot":19,"minecraft:acacia_door":3,"minecraft:acacia_planks":20,"minecraft:torch":36},"minecraft:dropped":{"minecraft:bread":57,"spore:spine_fragment":3,"minecraft:brown_mushroom":1,"minecraft:wheat_seeds":1,"jeg:grenade":1,"minecraft:copper_ingot":73,"silentgear:fine_silk":1,"silentgear:shield":1,"spore:tumor":1,"tombstone:grave_dust":2,"tacz:modern_kinetic_gun":3,"minecraft:axolotl_bucket":1,"minecraft:iron_pickaxe":1,"spore:mutated_heart":7,"minecraft:string":4,"silentgear:pickaxe":1,"jeg:repair_kit":1,"minecraft:stone_axe":1,"minecraft:golden_chestplate":1,"tombstone:gift":1,"spore:cerebrum":10,"sophisticatedbackpacks:backpack":1,"minecraft:name_tag":2,"spore:mutated_fiber":1,"silentgear:sword":3,"minecraft:gunpowder":37,"silentgear:leather_scrap":4,"minecraft:bamboo":1,"tacz:ammo":189,"minecraft:arrow":7,"minecraft:bow":1},"minecraft:killed":{"minecraft:cave_spider":1,"minecraft:spider":4,"minecraft:skeleton":21,"spore:griefer":1,"spore:plagued":1,"spore:inf_player":3,"spore:inf_wanderer":4,"minecraft:zombie_villager":2,"spore:inf_drowned":1,"minecraft:creeper":7,"spore:inf_pillager":4,"spore:inf_villager":4,"spore:inf_human":25,"minecraft:zombie":21,"spore:inf_witch":3,"spore:wendigo":1,"spore:claw":1,"spore:knight":1,"minecraft:cow":3},"minecraft:broken":{"minecraft:golden_boots":1,"minecraft:iron_boots":1,"minecraft:stone_pickaxe":1,"minecraft:iron_pickaxe":1},"minecraft:custom":{"minecraft:mob_kills":112,"minecraft:interact_with_crafting_table":48,"minecraft:leave_game":18,"minecraft:time_since_death":3265,"minecraft:climb_one_cm":14355,"minecraft:sprint_one_cm":743817,"minecraft:walk_one_cm":703061,"minecraft:damage_blocked_by_shield":1860,"minecraft:drop":45,"minecraft:damage_dealt_absorbed":80,"minecraft:play_time":402843,"minecraft:sneak_time":54104,"minecraft:deaths":39,"minecraft:walk_under_water_one_cm":44750,"tombstone:tomb_raiding":1,"minecraft:jump":4160,"minecraft:interact_with_blast_furnace":17,"minecraft:walk_on_water_one_cm":119175,"minecraft:total_world_time":402843,"minecraft:interact_with_furnace":40,"minecraft:sleep_in_bed":4,"minecraft:time_since_rest":2536,"minecraft:damage_taken":13876,"tombstone:sneak_grave":1,"minecraft:damage_dealt":9031,"minecraft:swim_one_cm":234866,"minecraft:player_kills":11,"minecraft:fly_one_cm":664002,"minecraft:open_chest":111,"minecraft:crouch_one_cm":86283,"tombstone:undead_killed":46,"minecraft:fall_one_cm":91747},"minecraft:mined":{"minecraft:tuff":3,"minecraft:deepslate_diamond_ore":39,"minecraft:jungle_leaves":2,"minecraft:cave_vines_plant":1,"minecraft:granite":9,"minecraft:red_sand":1,"minecraft:acacia_log":9,"minecraft:grass_block":2,"minecraft:decorated_pot":3,"minecraft:jungle_log":12,"minecraft:moss_block":3,"minecraft:bamboo_block":2,"minecraft:hay_block":28,"minecraft:magma_block":1,"minecraft:furnace":3,"minecraft:iron_ore":48,"minecraft:cobbled_deepslate":10,"minecraft:fire":3,"minecraft:moss_carpet":1,"silentgear:deepslate_bort_ore":2,"minecraft:rail":1,"minecraft:vine":1,"minecraft:cave_vines":5,"minecraft:deepslate_iron_ore":63,"minecraft:bamboo":61,"minecraft:stone":149,"minecraft:orange_bed":3,"minecraft:podzol":2,"minecraft:deepslate_redstone_ore":56,"jeg:scrap_ore":31,"minecraft:blackstone":21,"minecraft:orange_terracotta":1,"minecraft:basalt":1,"minecraft:clay":1,"minecraft:crafting_table":8,"minecraft:torch":17,"minecraft:chest":1,"minecraft:copper_ore":111,"minecraft:tall_grass":4,"minecraft:cobblestone":15,"minecraft:deepslate_coal_ore":16,"minecraft:deepslate_gold_ore":25,"minecraft:lapis_ore":1,"minecraft:big_dripleaf":1,"minecraft:diorite":1,"minecraft:wall_torch":8,"minecraft:deepslate_copper_ore":30,"jeg:deepslate_scrap_ore":19,"minecraft:jungle_wood":6,"minecraft:birch_log":7,"minecraft:birch_leaves":1,"minecraft:grass":17,"minecraft:oak_log":26,"minecraft:coal_ore":169,"minecraft:dirt":6,"minecraft:cobweb":27,"minecraft:smooth_basalt":1,"minecraft:acacia_planks":1,"minecraft:red_mushroom_block":1,"minecraft:gold_ore":1,"minecraft:oak_leaves":5,"spore:remains":1,"minecraft:deepslate":308,"minecraft:fern":1},"minecraft:picked_up":{"spore:mutated_heart":8,"minecraft:crafting_table":9,"minecraft:cocoa_beans":1,"minecraft:clay_ball":13,"spore:innards":1,"minecraft:string":42,"minecraft:moss_carpet":17,"minecraft:raw_copper":508,"tacz:ammo":450,"minecraft:blackstone":22,"minecraft:cobbled_deepslate":173,"minecraft:beef":4,"minecraft:jungle_sapling":1,"tacz:target":2,"minecraft:azalea":3,"minecraft:chest":1,"minecraft:furnace":3,"minecraft:egg":1,"minecraft:stick":3,"spore:tumor":2,"minecraft:raw_iron":155,"minecraft:copper_ingot":201,"minecraft:big_dripleaf":3,"minecraft:oak_fence":1,"minecraft:torch":24,"minecraft:acacia_log":7,"tacz:attachment":1,"tombstone:grave_dust":6,"minecraft:redstone":228,"minecraft:orange_bed":3,"minecraft:arrow":38,"silentgear:leather_scrap":7,"minecraft:rotten_flesh":34,"minecraft:tropical_fish":25,"minecraft:decorated_pot":2,"minecraft:hay_block":27,"tombstone:essence_of_undeath":1,"minecraft:rail":1,"minecraft:glow_berries":1,"minecraft:cobblestone":177,"minecraft:heartbreak_pottery_sherd":1,"minecraft:birch_log":6,"minecraft:magma_block":1,"minecraft:cooked_beef":3,"minecraft:basalt":1,"minecraft:glow_ink_sac":1,"minecraft:andesite":2,"minecraft:jungle_log":12,"minecraft:leather":1,"minecraft:jungle_wood":6,"minecraft:tuff":4,"minecraft:oak_log":26,"jeg:scrap":265,"minecraft:golden_boots":1,"minecraft:gunpowder":69,"minecraft:lapis_lazuli":4,"minecraft:dirt":40,"jeg:grenade":2,"minecraft:name_tag":1,"minecraft:bone":25,"minecraft:acacia_planks":1,"minecraft:wheat_seeds":10,"minecraft:raw_gold":25,"silentgear:shield":2,"minecraft:iron_ingot":14,"minecraft:blade_pottery_sherd":1,"tombstone:bag_of_seeds":1,"spore:mutated_fiber":106,"minecraft:bamboo":607,"minecraft:moss_block":3,"minecraft:flowering_azalea":1,"jeg:tech_trash":11,"silentgear:fine_silk":1,"minecraft:smooth_basalt":1,"spore:cerebrum":3,"minecraft:bamboo_planks":6,"spore:armor_fragment":13,"minecraft:axolotl_bucket":1,"sophisticatedbackpacks:iron_backpack":1,"silentgear:bort":2,"minecraft:spider_eye":1,"spore:claw_fragment":10,"minecraft:diamond":39,"tacz:modern_kinetic_gun":3,"minecraft:miner_pottery_sherd":1,"minecraft:granite":9,"minecraft:bone_meal":1,"minecraft:bread":17,"minecraft:plenty_pottery_sherd":1,"spore:spine_fragment":5,"tombstone:magic_scroll":1,"minecraft:oak_sapling":4,"minecraft:brown_banner":1,"minecraft:coal":309}},"DataVersion":3465}