{"stats":{"minecraft:used":{"minecraft:cooked_mutton":1,"minecraft:wooden_axe":21,"minecraft:stone_sword":4,"minecraft:wooden_pickaxe":23,"minecraft:crafting_table":2,"minecraft:furnace":1,"minecraft:cooked_beef":3},"minecraft:crafted":{"minecraft:cooked_beef":7,"minecraft:oak_planks":24,"minecraft:crafting_table":1,"minecraft:stick":8,"minecraft:wooden_pickaxe":1,"minecraft:wooden_axe":1,"minecraft:stone_sword":1,"minecraft:furnace":1,"minecraft:air":0,"minecraft:cooked_mutton":1},"minecraft:dropped":{"minecraft:cooked_beef":3},"minecraft:killed":{"minecraft:sheep":1,"spore:inf_human":1,"minecraft:spider":2,"minecraft:cow":4},"minecraft:mined":{"minecraft:furnace":1,"minecraft:crafting_table":2,"minecraft:grass":4,"minecraft:oak_log":6,"minecraft:grass_block":2,"minecraft:coal_ore":2,"minecraft:dirt":1,"minecraft:stone":20},"minecraft:picked_up":{"minecraft:crafting_table":2,"minecraft:leather":3,"minecraft:torch":1,"minecraft:oak_log":6,"minecraft:string":1,"minecraft:dirt":2,"minecraft:beef":7,"minecraft:oak_sapling":2,"minecraft:mutton":1,"minecraft:coal":2,"minecraft:white_wool":1,"minecraft:cobblestone":20,"minecraft:furnace":1},"minecraft:custom":{"minecraft:time_since_rest":8782,"minecraft:interact_with_furnace":5,"minecraft:sprint_one_cm":22445,"minecraft:damage_taken":300,"minecraft:walk_one_cm":18082,"minecraft:mob_kills":8,"minecraft:drop":1,"minecraft:damage_dealt":964,"minecraft:fly_one_cm":21611,"minecraft:swim_one_cm":8260,"minecraft:interact_with_crafting_table":4,"minecraft:crouch_one_cm":2343,"minecraft:play_time":8782,"minecraft:sneak_time":1395,"minecraft:walk_under_water_one_cm":1588,"minecraft:jump":88,"minecraft:leave_game":1,"minecraft:walk_on_water_one_cm":6862,"minecraft:time_since_death":8782,"minecraft:total_world_time":8782,"minecraft:fall_one_cm":685}},"DataVersion":3465}