{"stats":{"minecraft:picked_up":{"minecraft:wooden_axe":1,"spore:mutated_heart":5,"minecraft:crafting_table":8,"minecraft:birch_door":1,"minecraft:clay_ball":82,"minecraft:string":9,"minecraft:moss_carpet":32,"minecraft:blackstone":96,"minecraft:cobbled_deepslate":168,"minecraft:beef":7,"minecraft:white_tulip":14,"minecraft:oak_boat":2,"minecraft:azalea":15,"minecraft:melon_slice":39,"minecraft:sugar_cane":5,"minecraft:birch_sapling":2,"minecraft:furnace":1,"minecraft:egg":1,"minecraft:stick":147,"minecraft:raw_iron":49,"minecraft:copper_ingot":2,"minecraft:torch":24,"silentgear:sturdy_repair_kit":4,"minecraft:cherry_log":419,"tombstone:grave_dust":8,"minecraft:redstone":9,"minecraft:golden_chestplate":1,"minecraft:bamboo_block":6,"minecraft:arrow":16,"minecraft:rotten_flesh":15,"minecraft:tropical_fish":30,"minecraft:peony":9,"minecraft:hay_block":5,"minecraft:pink_tulip":9,"sophisticatedbackpacks:copper_backpack":1,"minecraft:glow_berries":16,"minecraft:mutton":1,"minecraft:white_wool":1,"minecraft:cobblestone":841,"minecraft:birch_log":6,"minecraft:pink_petals":923,"silentgear:flax_seeds":13,"minecraft:cherry_planks":37,"minecraft:glow_ink_sac":2,"minecraft:jungle_log":5,"minecraft:black_bed":2,"minecraft:leather":3,"minecraft:flint":2,"minecraft:oak_log":15,"jeg:scrap":81,"minecraft:gunpowder":8,"minecraft:lapis_lazuli":35,"minecraft:dirt":2581,"minecraft:bone":25,"minecraft:apple":2,"minecraft:bow":1,"minecraft:wheat_seeds":81,"minecraft:spore_blossom":3,"silentgear:shield":1,"spore:mutated_fiber":47,"minecraft:bamboo":847,"minecraft:moss_block":19,"minecraft:flowering_azalea":1,"jeg:tech_trash":11,"spore:cerebrum":8,"minecraft:bamboo_planks":32,"silentgear:excavator_blueprint":1,"minecraft:gravel":29,"minecraft:bamboo_raft":2,"minecraft:jungle_planks":13,"minecraft:amethyst_shard":4,"minecraft:grass_block":1,"minecraft:mossy_cobblestone":18,"minecraft:spider_eye":1,"spore:claw_fragment":1,"jeg:ectoplasm":2,"minecraft:diamond":11,"jeg:repair_kit":1,"minecraft:bone_meal":3,"minecraft:cherry_sapling":209,"alexsmobs:maggot":1,"spore:spine_fragment":7,"tombstone:magic_scroll":1,"minecraft:oak_sapling":4,"minecraft:melon_seeds":5,"minecraft:coal":174,"silentgear:sword":1},"minecraft:broken":{"minecraft:golden_helmet":1,"minecraft:stone_sword":1,"minecraft:golden_chestplate":1},"minecraft:crafted":{"minecraft:cherry_planks":160,"silentgear:pickaxe":2,"minecraft:oak_planks":24,"silentgear:template_board":24,"silentgear:chestplate":1,"silentgear:axe":2,"silentgear:machete":1,"silentgear:sturdy_repair_kit":10,"minecraft:furnace":4,"silentgear:leggings":1,"minecraft:bamboo_door":3,"minecraft:cooked_mutton":1,"minecraft:bamboo_block":68,"silentgear:boots":1,"silentgear:rough_rod":2,"silentgear:stone_rod":4,"minecraft:stone_pickaxe":1,"minecraft:chest":12,"silentgear:shield":3,"minecraft:birch_door":3,"minecraft:wheat":45,"minecraft:bamboo_raft":1,"minecraft:cooked_beef":7,"silentgear:saw":1,"silentgear:iron_rod":8,"minecraft:crafting_table":5,"minecraft:wooden_pickaxe":1,"silentgear:excavator_template":1,"minecraft:bucket":1,"silentgear:excavator":4,"minecraft:birch_planks":24,"minecraft:stone_axe":1,"silentgear:blueprint_paper":8,"minecraft:air":0,"minecraft:bread":15,"minecraft:jungle_planks":12,"minecraft:blue_dye":2,"minecraft:oak_boat":1,"silentgear:hammer_template":2,"minecraft:bamboo_planks":66,"silentgear:excavator_blueprint":1,"minecraft:stick":36,"minecraft:iron_ingot":59,"minecraft:iron_pickaxe":1,"minecraft:wooden_axe":1,"minecraft:stone_sword":1,"silentgear:helmet":1,"silentgear:hammer":3,"minecraft:torch":76,"silentgear:saw_template":1},"minecraft:mined":{"minecraft:mossy_cobblestone":18,"silentgear:wild_flax_plant":8,"minecraft:deepslate_diamond_ore":11,"minecraft:cherry_log":351,"minecraft:cave_vines_plant":17,"minecraft:grass_block":1179,"minecraft:jungle_planks":14,"minecraft:jungle_log":5,"minecraft:spruce_leaves":1,"minecraft:moss_block":9,"minecraft:bamboo_block":6,"minecraft:hay_block":4,"minecraft:furnace":1,"minecraft:iron_ore":38,"minecraft:fire":3,"minecraft:deepslate_lapis_ore":1,"minecraft:peony":8,"minecraft:vine":1,"minecraft:cave_vines":26,"minecraft:deepslate_iron_ore":9,"minecraft:pink_tulip":1,"minecraft:azalea":1,"minecraft:bamboo":83,"minecraft:white_tulip":2,"minecraft:stone":653,"minecraft:podzol":6,"minecraft:deepslate_redstone_ore":2,"jeg:scrap_ore":30,"minecraft:cherry_planks":2,"minecraft:blackstone":82,"minecraft:amethyst_cluster":1,"minecraft:clay":21,"minecraft:crafting_table":8,"minecraft:torch":7,"minecraft:melon":7,"minecraft:dead_bush":1,"minecraft:tall_grass":8,"minecraft:cobblestone":13,"minecraft:deepslate_coal_ore":28,"minecraft:lapis_ore":5,"minecraft:sugar_cane":4,"minecraft:wall_torch":10,"minecraft:pink_petals":79,"jeg:deepslate_scrap_ore":14,"minecraft:bamboo_planks":3,"minecraft:birch_log":6,"minecraft:birch_door":1,"minecraft:black_bed":2,"minecraft:grass":103,"minecraft:oak_log":15,"minecraft:coal_ore":130,"minecraft:cherry_leaves":6,"minecraft:gravel":16,"minecraft:dirt":1224,"minecraft:oak_leaves":9,"minecraft:deepslate":168,"minecraft:fern":9},"minecraft:custom":{"minecraft:mob_kills":75,"minecraft:interact_with_crafting_table":61,"minecraft:open_barrel":6,"minecraft:leave_game":5,"minecraft:time_since_death":45376,"minecraft:climb_one_cm":4621,"minecraft:sprint_one_cm":542512,"minecraft:walk_one_cm":521451,"minecraft:damage_blocked_by_shield":3225,"minecraft:drop":91,"minecraft:damage_dealt_absorbed":4,"minecraft:talked_to_villager":2,"minecraft:play_time":267463,"minecraft:sneak_time":11894,"minecraft:deaths":7,"minecraft:walk_under_water_one_cm":58482,"minecraft:boat_one_cm":283728,"minecraft:jump":3354,"minecraft:walk_on_water_one_cm":116237,"minecraft:total_world_time":267463,"minecraft:interact_with_furnace":20,"minecraft:sleep_in_bed":9,"minecraft:time_since_rest":13750,"minecraft:damage_taken":4471,"minecraft:damage_dealt":12871,"minecraft:swim_one_cm":132829,"minecraft:fly_one_cm":693169,"minecraft:open_chest":131,"minecraft:crouch_one_cm":30945,"tombstone:undead_killed":19,"minecraft:fall_one_cm":75392},"minecraft:killed_by":{"minecraft:player":2,"spore:inf_pillager":1,"spore:inf_player":2},"minecraft:used":{"minecraft:peony":1,"minecraft:moss_block":1,"minecraft:stone_sword":76,"silentgear:sword":192,"minecraft:chest":12,"minecraft:bamboo_door":3,"minecraft:torch":97,"minecraft:dirt":232,"minecraft:golden_chestplate":1,"minecraft:birch_door":4,"minecraft:wooden_axe":45,"minecraft:bamboo_raft":2,"silentgear:machete":71,"silentgear:pickaxe":322,"minecraft:bow":5,"minecraft:bamboo":5,"minecraft:furnace":4,"tombstone:gift":4,"minecraft:egg":1,"minecraft:cooked_beef":4,"minecraft:cobbled_deepslate":3,"minecraft:cherry_log":7,"silentgear:shield":50,"minecraft:bamboo_planks":39,"minecraft:cooked_mutton":1,"minecraft:water_bucket":25,"silentgear:nether_banana":3,"minecraft:stone_pickaxe":77,"minecraft:blackstone":9,"minecraft:wooden_pickaxe":34,"minecraft:cherry_planks":87,"minecraft:sugar_cane":5,"minecraft:crafting_table":12,"minecraft:bamboo_block":43,"silentgear:axe":103,"minecraft:black_bed":3,"minecraft:bread":75,"minecraft:melon_slice":16,"minecraft:iron_pickaxe":170,"minecraft:map":1,"silentgear:hammer":124,"minecraft:pink_petals":20,"minecraft:cobblestone":73,"minecraft:bucket":26,"minecraft:oak_boat":2,"silentgear:excavator":440,"silentgear:saw":13},"minecraft:killed":{"minecraft:spider":6,"minecraft:skeleton":10,"minecraft:drowned":5,"minecraft:tropical_fish":1,"spore:inf_wanderer":1,"minecraft:creeper":4,"spore:inf_pillager":8,"minecraft:sheep":1,"spore:inf_villager":9,"spore:inf_human":18,"minecraft:zombie":4,"spore:inf_witch":1,"spore:busser":1,"minecraft:enderman":1,"minecraft:cow":4},"minecraft:dropped":{"spore:spine_fragment":1,"minecraft:moss_block":18,"silentgear:excavator_blueprint":2,"minecraft:wheat_seeds":21,"minecraft:cooked_beef":3,"minecraft:cherry_log":2,"minecraft:spore_blossom":3,"minecraft:cobblestone":365,"minecraft:tropical_fish":1,"silentgear:flax_seeds":4,"silentgear:sturdy_repair_kit":5,"minecraft:dirt":482,"silentgear:shield":2,"minecraft:wooden_axe":1,"minecraft:cherry_planks":35,"minecraft:amethyst_shard":1,"minecraft:flowering_azalea":1,"minecraft:iron_pickaxe":1,"minecraft:pink_petals":136,"minecraft:pink_tulip":4,"minecraft:bamboo_planks":35,"minecraft:gravel":2,"minecraft:white_tulip":7,"minecraft:moss_carpet":32,"minecraft:blackstone":9,"silentgear:hammer":1,"minecraft:cherry_sapling":14,"minecraft:rotten_flesh":2,"minecraft:oak_planks":1,"minecraft:flint_and_steel":1,"minecraft:bamboo_raft":1,"minecraft:azalea":14,"minecraft:oak_sapling":2,"minecraft:bamboo":8,"silentgear:saw":1}},"DataVersion":3465}