{"stats":{"minecraft:picked_up":{"minecraft:wooden_axe":1,"spore:mutated_heart":6,"silentgear:raw_crimson_iron":21,"minecraft:crafting_table":8,"minecraft:birch_door":1,"minecraft:clay_ball":82,"minecraft:string":17,"minecraft:moss_carpet":32,"minecraft:blackstone":96,"minecraft:shroomlight":8,"minecraft:cherry_boat":1,"alexsmobs:blood_sac":3,"minecraft:gold_nugget":41,"minecraft:cobbled_deepslate":168,"minecraft:beef":7,"minecraft:white_tulip":21,"minecraft:oak_boat":2,"minecraft:azalea":15,"minecraft:melon_slice":39,"minecraft:sugar_cane":5,"minecraft:birch_sapling":2,"minecraft:egg":1,"minecraft:furnace":1,"minecraft:raw_iron":72,"minecraft:stick":174,"minecraft:copper_ingot":2,"minecraft:torch":33,"silentgear:sturdy_repair_kit":6,"tombstone:grave_dust":8,"minecraft:cherry_log":422,"minecraft:redstone":9,"minecraft:golden_chestplate":1,"minecraft:bamboo_block":6,"minecraft:arrow":16,"minecraft:rotten_flesh":15,"minecraft:tropical_fish":30,"minecraft:peony":11,"minecraft:hay_block":5,"minecraft:pink_tulip":11,"sophisticatedbackpacks:copper_backpack":1,"minecraft:glow_berries":16,"minecraft:mutton":1,"minecraft:white_wool":1,"minecraft:cobblestone":5056,"minecraft:birch_log":6,"minecraft:pink_petals":1442,"minecraft:magma_block":31,"silentgear:flax_seeds":13,"minecraft:crimson_stem":40,"minecraft:cherry_planks":37,"minecraft:glow_ink_sac":2,"minecraft:jungle_log":5,"minecraft:leather":3,"minecraft:black_bed":2,"minecraft:flint":2,"minecraft:oak_log":15,"jeg:scrap":83,"minecraft:golden_boots":2,"minecraft:nether_wart_block":2,"minecraft:gunpowder":13,"minecraft:lapis_lazuli":35,"minecraft:dirt":6694,"jeg:grenade":4,"minecraft:bone":25,"minecraft:apple":2,"minecraft:bow":1,"minecraft:wheat_seeds":110,"minecraft:spore_blossom":3,"silentgear:shield":1,"spore:mutated_fiber":54,"minecraft:bamboo":933,"minecraft:glowstone_dust":31,"minecraft:moss_block":19,"minecraft:flowering_azalea":1,"jeg:tech_trash":11,"minecraft:warped_fungus":1,"spore:cerebrum":10,"minecraft:bamboo_planks":32,"minecraft:quartz":59,"minecraft:gravel":35,"silentgear:excavator_blueprint":1,"minecraft:bamboo_raft":2,"minecraft:jungle_planks":13,"minecraft:amethyst_shard":4,"minecraft:grass_block":1,"minecraft:spider_eye":3,"minecraft:mossy_cobblestone":35,"spore:claw_fragment":1,"minecraft:diamond":11,"jeg:ectoplasm":2,"jeg:repair_kit":1,"minecraft:bone_meal":3,"minecraft:cherry_sapling":229,"alexsmobs:maggot":1,"minecraft:emerald":2,"silentgear:axe":1,"spore:spine_fragment":7,"tombstone:magic_scroll":1,"minecraft:oak_sapling":4,"minecraft:netherrack":1228,"minecraft:melon_seeds":5,"minecraft:coal":273,"silentgear:sword":1},"minecraft:broken":{"minecraft:golden_helmet":1,"minecraft:golden_boots":1,"minecraft:stone_sword":1,"minecraft:golden_chestplate":1},"minecraft:crafted":{"minecraft:cherry_planks":340,"silentgear:pickaxe":2,"minecraft:oak_planks":24,"silentgear:template_board":24,"silentgear:chestplate":1,"silentgear:axe":2,"silentgear:machete":1,"silentgear:sturdy_repair_kit":13,"minecraft:furnace":4,"minecraft:cherry_boat":1,"silentgear:leggings":1,"minecraft:bamboo_door":3,"minecraft:cooked_mutton":1,"minecraft:bamboo_block":68,"silentgear:boots":1,"silentgear:rough_rod":2,"silentgear:stone_rod":4,"minecraft:stone_pickaxe":1,"minecraft:chest":19,"silentgear:shield":3,"minecraft:birch_door":3,"minecraft:bamboo_raft":1,"minecraft:wheat":45,"minecraft:cooked_beef":7,"minecraft:coal_block":1,"silentgear:saw":1,"silentgear:iron_rod":8,"minecraft:crafting_table":6,"minecraft:wooden_pickaxe":1,"silentgear:excavator_template":1,"minecraft:bucket":1,"silentgear:excavator":9,"minecraft:birch_planks":24,"minecraft:stone_axe":1,"minecraft:air":0,"silentgear:blueprint_paper":8,"minecraft:bread":15,"minecraft:jungle_planks":12,"minecraft:blue_dye":2,"minecraft:oak_boat":1,"silentgear:hammer_template":2,"minecraft:bamboo_planks":66,"silentgear:excavator_blueprint":1,"minecraft:stick":36,"minecraft:iron_ingot":59,"minecraft:iron_pickaxe":1,"minecraft:wooden_axe":1,"minecraft:stone_sword":1,"silentgear:helmet":1,"silentgear:hammer":17,"minecraft:torch":76,"silentgear:saw_template":1},"minecraft:mined":{"minecraft:mossy_cobblestone":35,"silentgear:wild_flax_plant":8,"minecraft:deepslate_diamond_ore":11,"minecraft:cherry_log":351,"minecraft:cave_vines_plant":17,"minecraft:grass_block":2918,"minecraft:jungle_planks":14,"minecraft:jungle_log":5,"silentgear:crimson_iron_ore":21,"minecraft:spruce_leaves":1,"minecraft:moss_block":9,"minecraft:bamboo_block":6,"minecraft:crimson_stem":47,"minecraft:hay_block":4,"minecraft:weeping_vines_plant":1,"minecraft:magma_block":31,"minecraft:glowstone":9,"minecraft:furnace":1,"minecraft:iron_ore":65,"minecraft:fire":3,"minecraft:deepslate_lapis_ore":1,"minecraft:peony":8,"minecraft:dirt_path":1,"minecraft:vine":1,"minecraft:cave_vines":26,"minecraft:shroomlight":8,"minecraft:deepslate_iron_ore":9,"minecraft:pink_tulip":1,"minecraft:azalea":1,"minecraft:bamboo":83,"minecraft:white_tulip":2,"minecraft:stone":5268,"minecraft:deepslate_redstone_ore":2,"minecraft:podzol":18,"minecraft:cherry_planks":2,"jeg:scrap_ore":31,"minecraft:blackstone":82,"minecraft:crimson_nylium":9,"minecraft:amethyst_cluster":1,"minecraft:clay":21,"minecraft:crafting_table":8,"minecraft:torch":10,"minecraft:emerald_ore":2,"minecraft:melon":7,"minecraft:dead_bush":1,"minecraft:nether_quartz_ore":60,"minecraft:tall_grass":8,"minecraft:cobblestone":13,"minecraft:deepslate_coal_ore":28,"minecraft:lapis_ore":5,"minecraft:sugar_cane":4,"minecraft:wall_torch":12,"minecraft:pink_petals":87,"jeg:deepslate_scrap_ore":14,"minecraft:bamboo_planks":3,"minecraft:nether_wart_block":3,"minecraft:birch_log":6,"minecraft:birch_door":1,"minecraft:warped_fungus":1,"minecraft:black_bed":2,"minecraft:grass":118,"minecraft:coal_ore":229,"minecraft:oak_log":15,"minecraft:cherry_leaves":6,"minecraft:gravel":61,"minecraft:dirt":3037,"minecraft:netherrack":1902,"minecraft:oak_leaves":9,"minecraft:deepslate":168,"minecraft:fern":9,"minecraft:nether_gold_ore":10},"minecraft:custom":{"minecraft:mob_kills":102,"minecraft:interact_with_crafting_table":68,"minecraft:open_barrel":6,"minecraft:leave_game":8,"minecraft:time_since_death":56319,"minecraft:climb_one_cm":4621,"minecraft:sprint_one_cm":681633,"minecraft:walk_one_cm":890411,"minecraft:damage_blocked_by_shield":3660,"minecraft:drop":119,"minecraft:damage_dealt_absorbed":4,"minecraft:talked_to_villager":2,"minecraft:play_time":376654,"minecraft:sneak_time":21080,"minecraft:deaths":8,"minecraft:walk_under_water_one_cm":60347,"minecraft:boat_one_cm":299004,"minecraft:jump":4175,"minecraft:walk_on_water_one_cm":121503,"minecraft:total_world_time":376654,"minecraft:interact_with_furnace":28,"minecraft:sleep_in_bed":18,"minecraft:time_since_rest":385,"minecraft:damage_taken":4949,"minecraft:damage_dealt":16689,"minecraft:swim_one_cm":134897,"minecraft:fly_one_cm":877750,"minecraft:open_chest":169,"minecraft:crouch_one_cm":54149,"tombstone:undead_killed":19,"minecraft:fall_one_cm":88186},"minecraft:killed_by":{"minecraft:player":2,"spore:inf_pillager":1,"spore:inf_player":2},"minecraft:used":{"silentgear:sword":274,"minecraft:stone_sword":76,"minecraft:chest":19,"minecraft:bamboo_door":3,"minecraft:netherrack":14,"minecraft:torch":109,"minecraft:dirt":232,"minecraft:golden_chestplate":1,"jeg:grenade":3,"minecraft:birch_door":4,"minecraft:wooden_axe":45,"minecraft:bamboo_raft":2,"silentgear:machete":71,"minecraft:bamboo":5,"silentgear:pickaxe":482,"minecraft:bow":5,"minecraft:furnace":4,"minecraft:egg":1,"tombstone:gift":6,"minecraft:cooked_mutton":1,"minecraft:cooked_beef":4,"silentgear:shield":54,"minecraft:cobbled_deepslate":3,"minecraft:cherry_log":7,"minecraft:bamboo_planks":39,"minecraft:water_bucket":44,"silentgear:nether_banana":3,"minecraft:stone_pickaxe":77,"minecraft:blackstone":9,"minecraft:wooden_pickaxe":34,"minecraft:cherry_planks":199,"minecraft:sugar_cane":5,"minecraft:crafting_table":13,"minecraft:bamboo_block":43,"silentgear:axe":160,"minecraft:black_bed":3,"minecraft:melon_slice":16,"minecraft:bread":95,"minecraft:iron_pickaxe":170,"minecraft:map":1,"silentgear:hammer":1015,"minecraft:pink_petals":20,"minecraft:cobblestone":91,"minecraft:peony":1,"minecraft:cherry_boat":1,"silentgear:excavator":1097,"minecraft:bucket":45,"minecraft:oak_boat":2,"silentgear:saw":13,"minecraft:moss_block":1},"minecraft:killed":{"minecraft:spider":9,"minecraft:skeleton":10,"minecraft:drowned":5,"minecraft:tropical_fish":1,"minecraft:piglin":6,"spore:inf_wanderer":1,"minecraft:hoglin":1,"minecraft:creeper":10,"alexsmobs:crimson_mosquito":2,"spore:inf_pillager":8,"minecraft:sheep":1,"spore:inf_villager":13,"minecraft:zombie":4,"spore:inf_human":20,"spore:inf_witch":2,"alexsmobs:fly":1,"spore:busser":1,"minecraft:enderman":1,"minecraft:cow":4},"minecraft:dropped":{"minecraft:golden_boots":1,"spore:spine_fragment":1,"minecraft:moss_block":18,"silentgear:excavator_blueprint":2,"minecraft:wheat_seeds":22,"minecraft:cooked_beef":3,"minecraft:cherry_log":2,"minecraft:spore_blossom":3,"minecraft:cobblestone":750,"silentgear:axe":1,"minecraft:tropical_fish":1,"silentgear:flax_seeds":4,"silentgear:sturdy_repair_kit":5,"minecraft:dirt":840,"silentgear:shield":2,"minecraft:wooden_axe":1,"minecraft:nether_wart_block":1,"minecraft:cherry_planks":35,"minecraft:amethyst_shard":1,"minecraft:flowering_azalea":1,"minecraft:iron_pickaxe":1,"minecraft:pink_petals":181,"minecraft:pink_tulip":5,"minecraft:bamboo_planks":35,"minecraft:gravel":2,"minecraft:white_tulip":9,"minecraft:moss_carpet":32,"minecraft:blackstone":9,"silentgear:hammer":1,"minecraft:cherry_sapling":31,"minecraft:rotten_flesh":2,"minecraft:oak_planks":1,"minecraft:flint_and_steel":1,"minecraft:bamboo_raft":1,"minecraft:azalea":14,"minecraft:oak_sapling":2,"minecraft:bamboo":8,"silentgear:saw":1,"minecraft:netherrack":353}},"DataVersion":3465}