{"stats":{"minecraft:crafted":{"minecraft:oak_planks":24,"silentgear:template_board":30,"silentgear:chestplate":1,"silentgear:axe":2,"silentgear:sturdy_repair_kit":14,"minecraft:cherry_boat":1,"silentgear:leggings":1,"minecraft:bamboo_door":3,"minecraft:cooked_mutton":1,"minecraft:bamboo_block":68,"silentgear:rough_rod":2,"silentgear:stone_rod":4,"minecraft:chest":28,"silentgear:shield":3,"minecraft:birch_door":3,"minecraft:bamboo_raft":1,"minecraft:crafting_table":7,"minecraft:wooden_pickaxe":1,"silentgear:excavator_template":1,"minecraft:copper_ingot":192,"silentgear:excavator":9,"minecraft:birch_planks":24,"silentgear:blueprint_paper":8,"silentgear:hammer_template":3,"minecraft:bamboo_planks":66,"minecraft:stick":36,"minecraft:iron_ingot":59,"minecraft:iron_pickaxe":1,"minecraft:stone_sword":1,"silentgear:helmet":1,"minecraft:cherry_planks":416,"silentgear:pickaxe":3,"silentgear:hammer_head":1,"silentgear:machete":1,"minecraft:furnace":4,"silentgear:boots":1,"minecraft:stone_pickaxe":1,"minecraft:wheat":45,"minecraft:cooked_beef":7,"minecraft:coal_block":1,"silentgear:saw":1,"silentgear:iron_rod":12,"minecraft:bucket":1,"minecraft:stone_axe":1,"minecraft:acacia_boat":1,"minecraft:bread":15,"minecraft:air":0,"minecraft:jungle_planks":12,"minecraft:blue_dye":2,"minecraft:oak_boat":1,"silentgear:excavator_blueprint":1,"minecraft:wooden_axe":1,"silentgear:hammer":23,"minecraft:acacia_planks":36,"minecraft:torch":120,"silentgear:saw_template":1},"minecraft:dropped":{"spore:spine_fragment":1,"minecraft:moss_block":18,"minecraft:cooked_beef":3,"minecraft:spore_blossom":3,"minecraft:crossbow":2,"silentgear:axe":1,"silentgear:sturdy_repair_kit":5,"minecraft:dirt":840,"minecraft:amethyst_shard":1,"minecraft:iron_pickaxe":1,"minecraft:gravel":2,"minecraft:white_tulip":9,"minecraft:blackstone":9,"minecraft:cherry_sapling":31,"minecraft:rotten_flesh":2,"minecraft:oak_planks":1,"minecraft:azalea":14,"spore:armor_fragment":14,"minecraft:netherrack":353,"minecraft:water_bucket":1,"minecraft:golden_boots":1,"silentgear:excavator_blueprint":2,"minecraft:wheat_seeds":22,"minecraft:cherry_log":2,"minecraft:cobblestone":1101,"minecraft:tropical_fish":1,"silentgear:flax_seeds":4,"minecraft:stick":1,"silentgear:shield":2,"minecraft:nether_wart_block":1,"minecraft:wooden_axe":1,"minecraft:cherry_planks":35,"minecraft:flowering_azalea":1,"spore:mutated_heart":4,"minecraft:pink_petals":181,"minecraft:bamboo_planks":35,"minecraft:pink_tulip":5,"silentgear:pickaxe":1,"minecraft:moss_carpet":32,"silentgear:hammer":3,"minecraft:flint_and_steel":1,"minecraft:bamboo_raft":1,"minecraft:andesite":49,"minecraft:oak_sapling":2,"minecraft:bamboo":8,"silentgear:saw":1},"minecraft:killed_by":{"spore:inf_pillager":1,"spore:inf_player":2,"minecraft:player":2},"minecraft:broken":{"minecraft:golden_helmet":1,"minecraft:golden_boots":1,"minecraft:golden_chestplate":1,"minecraft:stone_sword":1},"minecraft:custom":{"minecraft:interact_with_crafting_table":73,"minecraft:open_barrel":6,"minecraft:leave_game":9,"minecraft:time_since_death":121660,"minecraft:sprint_one_cm":785998,"minecraft:damage_blocked_by_shield":4560,"minecraft:drop":137,"minecraft:talked_to_villager":2,"minecraft:play_time":441995,"minecraft:deaths":8,"minecraft:jump":5040,"minecraft:walk_on_water_one_cm":138413,"minecraft:interact_with_furnace":32,"minecraft:sleep_in_bed":19,"minecraft:damage_dealt":22216,"minecraft:crouch_one_cm":61212,"tombstone:undead_killed":19,"minecraft:mob_kills":132,"minecraft:climb_one_cm":4621,"minecraft:walk_one_cm":1018519,"minecraft:damage_dealt_absorbed":4,"minecraft:sneak_time":25613,"minecraft:walk_under_water_one_cm":85135,"minecraft:boat_one_cm":376290,"minecraft:interact_with_blast_furnace":3,"minecraft:total_world_time":441995,"tombstone:raider_killed":4,"minecraft:time_since_rest":60692,"minecraft:damage_taken":5634,"minecraft:swim_one_cm":157348,"minecraft:fly_one_cm":1041041,"minecraft:open_chest":222,"minecraft:fall_one_cm":111697},"minecraft:used":{"minecraft:peony":1,"minecraft:moss_block":1,"silentgear:sword":316,"minecraft:chest":28,"jeg:grenade":4,"minecraft:milk_bucket":1,"minecraft:bow":5,"minecraft:furnace":4,"minecraft:egg":2,"spore:armads":41,"silentgear:nether_banana":3,"minecraft:stone_pickaxe":77,"minecraft:blackstone":9,"minecraft:wooden_pickaxe":34,"minecraft:sugar_cane":5,"minecraft:crossbow":1,"minecraft:black_bed":3,"minecraft:bread":95,"minecraft:melon_slice":16,"minecraft:andesite":18,"minecraft:oak_boat":2,"silentgear:saw":13,"silentgear:excavator":1167,"minecraft:cherry_boat":1,"minecraft:stone_sword":76,"minecraft:bamboo_door":3,"minecraft:netherrack":14,"minecraft:torch":135,"minecraft:dirt":232,"minecraft:golden_chestplate":1,"minecraft:birch_door":4,"minecraft:wooden_axe":45,"minecraft:bamboo_raft":2,"silentgear:machete":71,"minecraft:bamboo":5,"silentgear:pickaxe":485,"tombstone:gift":6,"minecraft:cooked_beef":17,"minecraft:cobbled_deepslate":3,"minecraft:cherry_log":7,"silentgear:shield":72,"minecraft:bamboo_planks":39,"minecraft:cooked_mutton":1,"minecraft:acacia_boat":1,"minecraft:water_bucket":91,"minecraft:cherry_planks":199,"minecraft:crafting_table":14,"minecraft:bamboo_block":43,"silentgear:axe":174,"minecraft:iron_pickaxe":170,"minecraft:map":1,"silentgear:hammer":1467,"minecraft:pink_petals":20,"minecraft:cobblestone":145,"minecraft:bucket":92},"minecraft:mined":{"minecraft:cherry_log":351,"minecraft:cave_vines_plant":17,"minecraft:budding_amethyst":2,"minecraft:acacia_log":9,"minecraft:grass_block":2920,"minecraft:jungle_log":5,"silentgear:crimson_iron_ore":21,"minecraft:bamboo_block":6,"minecraft:weeping_vines_plant":1,"minecraft:magma_block":31,"minecraft:glowstone":9,"minecraft:iron_ore":73,"minecraft:fire":7,"minecraft:deepslate_lapis_ore":1,"minecraft:cave_vines":26,"minecraft:dirt_path":1,"minecraft:pink_tulip":1,"minecraft:azalea":1,"minecraft:deepslate_redstone_ore":2,"minecraft:blackstone":82,"minecraft:crimson_nylium":9,"minecraft:amethyst_cluster":3,"spore:growths_big":2,"minecraft:clay":21,"minecraft:torch":14,"minecraft:melon":7,"minecraft:dead_bush":1,"minecraft:nether_quartz_ore":60,"minecraft:cobblestone":28,"minecraft:sugar_cane":4,"minecraft:wall_torch":23,"minecraft:amethyst_block":4,"minecraft:pink_petals":87,"minecraft:bamboo_planks":3,"minecraft:nether_wart_block":3,"minecraft:birch_log":6,"minecraft:birch_door":1,"minecraft:black_bed":2,"minecraft:warped_fungus":1,"minecraft:grass":164,"minecraft:oak_log":15,"minecraft:dirt":3170,"minecraft:netherrack":1902,"minecraft:oak_leaves":9,"minecraft:deepslate":168,"minecraft:nether_gold_ore":10,"minecraft:mossy_cobblestone":35,"minecraft:deepslate_diamond_ore":11,"silentgear:wild_flax_plant":8,"minecraft:dark_oak_fence":2,"minecraft:jungle_planks":14,"minecraft:spruce_leaves":1,"minecraft:moss_block":9,"spore:growths_small":1,"minecraft:crimson_stem":47,"minecraft:hay_block":4,"minecraft:furnace":1,"minecraft:andesite":388,"minecraft:peony":8,"minecraft:deepslate_iron_ore":9,"minecraft:shroomlight":8,"minecraft:vine":1,"minecraft:bamboo":83,"minecraft:stone":8251,"minecraft:white_tulip":2,"minecraft:podzol":18,"jeg:scrap_ore":31,"minecraft:cherry_planks":2,"minecraft:crafting_table":9,"silentgear:wild_fluffy_plant":2,"minecraft:emerald_ore":3,"minecraft:tall_grass":15,"minecraft:deepslate_coal_ore":28,"minecraft:lapis_ore":5,"jeg:deepslate_scrap_ore":14,"minecraft:coal_ore":290,"minecraft:cherry_leaves":6,"minecraft:gravel":241,"minecraft:fern":9},"minecraft:killed":{"minecraft:witch":1,"minecraft:spider":9,"minecraft:skeleton":10,"minecraft:tropical_fish":1,"minecraft:piglin":6,"spore:inf_player":1,"spore:inf_wanderer":1,"minecraft:creeper":10,"alexsmobs:crimson_mosquito":2,"minecraft:sheep":1,"spore:inf_villager":26,"minecraft:pillager":3,"spore:inf_human":26,"minecraft:zombie":4,"alexsmobs:fly":1,"minecraft:cow":4,"minecraft:drowned":5,"minecraft:hoglin":1,"spore:inf_pillager":11,"spore:inf_witch":2,"spore:busser":1,"minecraft:enderman":1},"minecraft:picked_up":{"minecraft:wooden_axe":1,"silentgear:raw_crimson_iron":21,"minecraft:birch_door":1,"spore:mutated_heart":17,"minecraft:potion":1,"silentgear:fluffy_seeds":2,"minecraft:amethyst_block":4,"minecraft:string":17,"minecraft:shroomlight":8,"minecraft:cherry_boat":1,"alexsmobs:blood_sac":3,"minecraft:gold_nugget":41,"minecraft:cobbled_deepslate":168,"minecraft:white_tulip":26,"minecraft:azalea":15,"minecraft:melon_slice":39,"minecraft:furnace":1,"minecraft:stick":174,"minecraft:torch":48,"minecraft:acacia_log":9,"minecraft:cherry_log":422,"tombstone:grave_dust":8,"minecraft:golden_chestplate":1,"minecraft:bamboo_block":6,"minecraft:rotten_flesh":15,"minecraft:tropical_fish":30,"minecraft:cobblestone":8703,"minecraft:birch_log":6,"minecraft:pink_petals":1453,"minecraft:magma_block":31,"minecraft:jungle_log":5,"minecraft:cherry_planks":37,"minecraft:water_bucket":1,"minecraft:andesite":390,"minecraft:black_bed":2,"minecraft:flint":23,"jeg:scrap":83,"minecraft:acacia_boat":1,"minecraft:lapis_lazuli":35,"minecraft:dirt":6808,"minecraft:bone":25,"minecraft:bow":1,"minecraft:orange_tulip":1,"minecraft:wheat_seeds":112,"minecraft:glowstone_dust":34,"minecraft:bamboo":933,"minecraft:moss_block":19,"spore:cerebrum":19,"spore:armor_fragment":28,"silentgear:excavator_blueprint":1,"minecraft:jungle_planks":13,"minecraft:bamboo_raft":2,"minecraft:grass_block":1,"minecraft:mossy_cobblestone":35,"spore:claw_fragment":13,"minecraft:diamond":11,"jeg:repair_kit":1,"minecraft:crossbow":3,"minecraft:bone_meal":3,"minecraft:emerald":3,"alexsmobs:maggot":1,"spore:spine_fragment":14,"minecraft:oak_sapling":4,"minecraft:netherrack":1228,"minecraft:dark_oak_fence":2,"minecraft:crafting_table":9,"minecraft:clay_ball":82,"minecraft:moss_carpet":32,"minecraft:blackstone":96,"spore:armads":1,"minecraft:beef":7,"minecraft:oak_boat":2,"minecraft:sugar_cane":5,"minecraft:birch_sapling":2,"minecraft:egg":2,"minecraft:raw_iron":80,"minecraft:copper_ingot":2,"silentgear:sturdy_repair_kit":6,"silentgear:hammer":1,"minecraft:redstone":9,"minecraft:arrow":16,"minecraft:peony":11,"minecraft:hay_block":5,"minecraft:pink_tulip":11,"sophisticatedbackpacks:copper_backpack":1,"spore:tendons":5,"minecraft:mutton":1,"minecraft:glow_berries":16,"minecraft:white_wool":1,"silentgear:flax_seeds":13,"minecraft:glow_ink_sac":2,"minecraft:crimson_stem":40,"minecraft:leather":3,"minecraft:oak_log":15,"minecraft:golden_boots":2,"minecraft:nether_wart_block":2,"minecraft:gunpowder":13,"minecraft:white_banner":1,"jeg:grenade":4,"minecraft:apple":2,"minecraft:spore_blossom":3,"silentgear:shield":1,"spore:mutated_fiber":132,"minecraft:acacia_sapling":2,"jeg:tech_trash":11,"minecraft:flowering_azalea":1,"minecraft:warped_fungus":1,"minecraft:bamboo_planks":32,"minecraft:quartz":59,"minecraft:gravel":226,"minecraft:amethyst_shard":8,"minecraft:spider_eye":5,"jeg:ectoplasm":2,"minecraft:cherry_sapling":229,"silentgear:axe":1,"tombstone:magic_scroll":1,"minecraft:melon_seeds":5,"minecraft:coal":334,"silentgear:sword":1}},"DataVersion":3465}