{"stats":{"minecraft:picked_up":{"minecraft:wooden_axe":1,"minecraft:crafting_table":5,"minecraft:birch_door":1,"minecraft:clay_ball":82,"minecraft:string":1,"minecraft:moss_carpet":32,"minecraft:blackstone":59,"minecraft:cobbled_deepslate":168,"minecraft:beef":7,"minecraft:oak_boat":2,"minecraft:azalea":14,"minecraft:melon_slice":39,"minecraft:birch_sapling":2,"minecraft:furnace":1,"minecraft:egg":1,"minecraft:stick":2,"minecraft:raw_iron":46,"minecraft:torch":13,"tombstone:grave_dust":4,"minecraft:redstone":9,"minecraft:golden_chestplate":1,"minecraft:bamboo_block":6,"minecraft:arrow":6,"minecraft:rotten_flesh":3,"minecraft:tropical_fish":29,"minecraft:mutton":1,"minecraft:glow_berries":16,"minecraft:white_wool":1,"minecraft:cobblestone":231,"minecraft:birch_log":6,"minecraft:glow_ink_sac":2,"minecraft:jungle_log":2,"minecraft:leather":3,"minecraft:oak_log":6,"jeg:scrap":36,"minecraft:gunpowder":2,"minecraft:lapis_lazuli":35,"minecraft:dirt":28,"minecraft:bone":11,"minecraft:apple":2,"minecraft:bow":1,"minecraft:wheat_seeds":12,"minecraft:spore_blossom":3,"spore:mutated_fiber":21,"minecraft:bamboo":624,"minecraft:moss_block":19,"minecraft:flowering_azalea":1,"jeg:tech_trash":7,"spore:cerebrum":4,"minecraft:bamboo_planks":30,"minecraft:gravel":2,"minecraft:jungle_planks":4,"spore:claw_fragment":1,"minecraft:diamond":11,"jeg:repair_kit":1,"minecraft:bone_meal":3,"spore:spine_fragment":1,"minecraft:oak_sapling":2,"minecraft:coal":58,"silentgear:sword":1},"minecraft:broken":{"minecraft:golden_helmet":1,"minecraft:stone_sword":1,"minecraft:golden_chestplate":1},"minecraft:killed_by":{"spore:inf_pillager":1,"spore:inf_player":2},"minecraft:custom":{"minecraft:mob_kills":30,"minecraft:interact_with_crafting_table":39,"minecraft:leave_game":2,"minecraft:time_since_death":14009,"minecraft:climb_one_cm":997,"minecraft:sprint_one_cm":136615,"minecraft:walk_one_cm":197476,"minecraft:damage_blocked_by_shield":1515,"minecraft:drop":29,"minecraft:play_time":101355,"minecraft:deaths":3,"minecraft:sneak_time":5101,"minecraft:walk_under_water_one_cm":44192,"minecraft:boat_one_cm":129228,"minecraft:jump":1128,"minecraft:walk_on_water_one_cm":92915,"minecraft:total_world_time":101355,"minecraft:interact_with_furnace":18,"minecraft:time_since_rest":11610,"minecraft:damage_taken":2776,"minecraft:damage_dealt":4843,"minecraft:swim_one_cm":69860,"minecraft:fly_one_cm":167399,"minecraft:open_chest":38,"minecraft:crouch_one_cm":14529,"tombstone:undead_killed":7,"minecraft:fall_one_cm":13194},"minecraft:dropped":{"spore:spine_fragment":1,"minecraft:moss_block":18,"minecraft:wheat_seeds":4,"minecraft:cooked_beef":3,"minecraft:spore_blossom":3,"minecraft:cobblestone":37,"silentgear:shield":1,"minecraft:wooden_axe":1,"minecraft:flowering_azalea":1,"minecraft:iron_pickaxe":1,"minecraft:bamboo_planks":35,"minecraft:gravel":2,"minecraft:moss_carpet":32,"minecraft:blackstone":9,"minecraft:oak_planks":1,"minecraft:flint_and_steel":1,"minecraft:oak_sapling":2,"minecraft:azalea":14},"minecraft:crafted":{"silentgear:pickaxe":1,"minecraft:oak_planks":24,"silentgear:axe":1,"silentgear:machete":1,"minecraft:furnace":3,"minecraft:bamboo_door":3,"minecraft:cooked_mutton":1,"minecraft:bamboo_block":68,"silentgear:stone_rod":4,"minecraft:stone_pickaxe":1,"minecraft:chest":3,"silentgear:shield":2,"minecraft:birch_door":3,"minecraft:cooked_beef":7,"silentgear:iron_rod":4,"minecraft:crafting_table":3,"minecraft:wooden_pickaxe":1,"minecraft:birch_planks":24,"minecraft:stone_axe":1,"minecraft:air":0,"minecraft:jungle_planks":8,"minecraft:oak_boat":1,"minecraft:bamboo_planks":62,"minecraft:stick":28,"minecraft:iron_ingot":57,"minecraft:iron_pickaxe":1,"minecraft:wooden_axe":1,"minecraft:stone_sword":1,"minecraft:torch":76},"minecraft:killed":{"minecraft:spider":2,"minecraft:skeleton":4,"minecraft:tropical_fish":1,"minecraft:creeper":1,"spore:inf_pillager":3,"minecraft:sheep":1,"spore:inf_villager":2,"minecraft:zombie":3,"spore:inf_human":7,"spore:inf_witch":1,"spore:busser":1,"minecraft:cow":4},"minecraft:mined":{"minecraft:deepslate_diamond_ore":11,"minecraft:cave_vines_plant":17,"minecraft:grass_block":10,"minecraft:jungle_planks":4,"minecraft:jungle_log":2,"minecraft:moss_block":9,"minecraft:bamboo_block":6,"minecraft:furnace":1,"minecraft:iron_ore":35,"minecraft:fire":3,"minecraft:deepslate_lapis_ore":1,"minecraft:cave_vines":26,"minecraft:deepslate_iron_ore":9,"minecraft:bamboo":59,"minecraft:azalea":1,"minecraft:stone":181,"minecraft:podzol":6,"minecraft:deepslate_redstone_ore":2,"jeg:scrap_ore":17,"minecraft:blackstone":45,"minecraft:crafting_table":5,"minecraft:clay":21,"minecraft:torch":1,"minecraft:melon":7,"minecraft:tall_grass":4,"minecraft:cobblestone":9,"minecraft:deepslate_coal_ore":1,"minecraft:lapis_ore":5,"minecraft:wall_torch":6,"jeg:deepslate_scrap_ore":5,"minecraft:bamboo_planks":1,"minecraft:birch_log":6,"minecraft:birch_door":1,"minecraft:grass":23,"minecraft:oak_log":6,"minecraft:coal_ore":41,"minecraft:gravel":2,"minecraft:dirt":15,"minecraft:oak_leaves":7,"minecraft:deepslate":168,"minecraft:fern":2},"minecraft:used":{"minecraft:moss_block":1,"minecraft:stone_sword":76,"silentgear:sword":17,"minecraft:chest":3,"minecraft:bamboo_door":3,"minecraft:torch":72,"minecraft:dirt":21,"minecraft:golden_chestplate":1,"minecraft:birch_door":4,"minecraft:wooden_axe":45,"silentgear:machete":67,"minecraft:bow":5,"silentgear:pickaxe":264,"minecraft:furnace":3,"minecraft:egg":1,"minecraft:cooked_beef":4,"minecraft:cobbled_deepslate":2,"silentgear:shield":29,"minecraft:bamboo_planks":14,"minecraft:cooked_mutton":1,"silentgear:nether_banana":3,"minecraft:stone_pickaxe":77,"minecraft:blackstone":9,"minecraft:wooden_pickaxe":34,"minecraft:crafting_table":8,"minecraft:bamboo_block":43,"silentgear:axe":11,"minecraft:melon_slice":12,"minecraft:bread":29,"minecraft:iron_pickaxe":170,"minecraft:cobblestone":69,"minecraft:oak_boat":2}},"DataVersion":3465}