{"stats":{"minecraft:dropped":{"spore:usurper_spawnegg":1,"spore:howler_spawnegg":1,"spore:mound_spawnegg":1,"spore:braurei_spawnegg":1,"spore:proto_spawnegg":1,"spore:claw_spawnegg":1,"spore:stalker_spawnegg":1,"spore:scent_spawnegg":1,"spore:scamper_spawnegg":1,"spore:vigil_spawnegg":1,"spore:umarmed_spawnegg":1,"spore:wendigo_spawnegg":1,"spore:illusion_spawnegg":1,"spore:brute_spawnegg":1,"spore:reconstructor_spawnegg":1,"spore:volatile_spawnegg":1,"spore:spitter_spawnegg":1},"minecraft:picked_up":{"minecraft:bone":1,"minecraft:arrow":2,"minecraft:bow":1},"minecraft:custom":{"minecraft:time_since_rest":42345,"minecraft:damage_taken":200,"minecraft:walk_one_cm":20401,"minecraft:mob_kills":1,"minecraft:drop":17,"minecraft:damage_dealt":298,"minecraft:fly_one_cm":134814,"minecraft:crouch_one_cm":81,"minecraft:play_time":42345,"minecraft:sneak_time":468,"minecraft:jump":13,"minecraft:leave_game":1,"minecraft:walk_on_water_one_cm":243,"minecraft:time_since_death":42345,"minecraft:total_world_time":42345,"minecraft:fall_one_cm":406},"minecraft:killed":{"minecraft:skeleton":1},"minecraft:used":{"spore:mound_spawnegg":2,"spore:knight_spawnegg":1,"spore:howler_spawnegg":3,"spore:infected_human_spawnegg":1,"spore:illusion_spawnegg":1,"spore:sickle":2,"spore:knife":11,"spore:inf_villager_spawnegg":1,"spore:reconstructor_spawnegg":2,"spore:slasher_spawnegg":1,"spore:armads":5,"spore:busser_spawnegg":1,"spore:usurper_spawnegg":3,"spore:leaper_spawnegg":1,"spore:inf_evo_spawnegg":1,"spore:inf_player_spawnegg":1,"spore:hinden_spawnegg":1,"spore:braurei_spawnegg":2,"spore:claw_spawnegg":1,"spore:stalker_spawnegg":3,"spore:braio_spawnegg":1,"spore:scamper_spawnegg":1,"spore:proto_spawnegg":1,"spore:umarmed_spawnegg":1,"spore:inf_witch_spawnegg":1,"spore:griefer_spawnegg":1,"spore:inf_vind_spawnegg":1,"spore:inf_drowned_spawnegg":2,"spore:inf_pillager_spawnegg":1,"spore:inf_hazmat_spawnegg":4,"spore:brute_spawnegg":4,"spore:plagued_spawnegg":1,"spore:vigil_spawnegg":1,"spore:volatile_spawnegg":3,"spore:spitter_spawnegg":8,"spore:inf_husk_spawnegg":1,"spore:inf_wanderer_spawnegg":1,"spore:scent_spawnegg":9,"spore:wendigo_spawnegg":1,"spore:infected_bow":8,"spore:sieger_spawnegg":2},"minecraft:mined":{"minecraft:grass":3}},"DataVersion":3465}