{"stats":{"minecraft:dropped":{"minecraft:chicken":1},"minecraft:killed":{"minecraft:chicken":1},"minecraft:picked_up":{"minecraft:chicken":2},"minecraft:custom":{"minecraft:jump":16,"minecraft:time_since_rest":3353,"minecraft:damage_dealt":40,"minecraft:crouch_one_cm":106,"minecraft:leave_game":4,"minecraft:play_time":3353,"minecraft:sprint_one_cm":9187,"minecraft:time_since_death":3353,"minecraft:walk_one_cm":4433,"minecraft:sneak_time":69,"minecraft:total_world_time":3353,"minecraft:mob_kills":1,"minecraft:fall_one_cm":269,"minecraft:drop":1,"minecraft:fly_one_cm":2147},"minecraft:mined":{"minecraft:short_grass":1,"minecraft:oak_leaves":2}},"DataVersion":3955}