{"stats":{"minecraft:picked_up":{"minecraft:leather":2,"minecraft:bone":1,"minecraft:bow":1,"minecraft:beef":6,"minecraft:arrow":2},"minecraft:mined":{"minecraft:grass":3},"minecraft:killed":{"alexsmobs:seal":1,"alexsmobs:seagull":1,"minecraft:skeleton":1,"spore:mound":1,"spore:inf_human":1,"minecraft:mooshroom":14},"minecraft:custom":{"minecraft:mob_kills":19,"minecraft:leave_game":4,"minecraft:time_since_death":71786,"minecraft:time_since_rest":71786,"minecraft:sprint_one_cm":123,"minecraft:damage_taken":200,"minecraft:walk_one_cm":31945,"minecraft:drop":19,"minecraft:damage_dealt":308,"minecraft:talked_to_villager":1,"minecraft:fly_one_cm":243761,"minecraft:crouch_one_cm":221,"minecraft:play_time":71786,"minecraft:sneak_time":768,"minecraft:walk_under_water_one_cm":5551,"minecraft:jump":26,"minecraft:walk_on_water_one_cm":617,"minecraft:total_world_time":71786,"minecraft:fall_one_cm":406},"minecraft:used":{"spore:sieger_spawnegg":2,"spore:infected_human_spawnegg":13,"spore:inf_villager_spawnegg":1,"spore:slasher_spawnegg":1,"spore:armads":5,"jeg:combat_rifle":26,"spore:knife":11,"spore:leaper_spawnegg":1,"spore:hinden_spawnegg":1,"tacz:gun_smith_table":1,"spore:scamper_spawnegg":1,"minecraft:zombie_spawn_egg":32,"spore:umarmed_spawnegg":1,"jeg:assault_rifle":53,"spore:inf_drowned_spawnegg":2,"paraglider:goddess_statue":1,"spore:inf_pillager_spawnegg":1,"spore:inf_hazmat_spawnegg":4,"spore:brute_spawnegg":4,"spore:volatile_spawnegg":3,"spore:inf_husk_spawnegg":1,"spore:inf_wanderer_spawnegg":1,"spore:wendigo_spawnegg":1,"spore:scent_spawnegg":9,"jeg:grenade":2,"spore:infected_bow":8,"jeg:bolt_action_rifle":19,"spore:mound_spawnegg":2,"spore:knight_spawnegg":1,"spore:howler_spawnegg":3,"spore:illusion_spawnegg":1,"spore:sickle":2,"minecraft:villager_spawn_egg":10,"spore:busser_spawnegg":1,"spore:reconstructor_spawnegg":2,"spore:usurper_spawnegg":3,"spore:inf_player_spawnegg":1,"spore:inf_evo_spawnegg":1,"spore:claw_spawnegg":1,"spore:stalker_spawnegg":3,"spore:braurei_spawnegg":2,"spore:braio_spawnegg":1,"spore:proto_spawnegg":1,"spore:inf_witch_spawnegg":1,"spore:griefer_spawnegg":1,"spore:inf_vind_spawnegg":1,"jeg:double_barrel_shotgun":12,"minecraft:beef":1,"jeg:revolver":102,"spore:plagued_spawnegg":1,"spore:vigil_spawnegg":1,"jeg:waterpipe_shotgun":18,"spore:spitter_spawnegg":8,"jeg:pocket_bubble":25,"jeg:water_bomb":1},"minecraft:dropped":{"spore:scent_spawnegg":1,"spore:scamper_spawnegg":1,"spore:vigil_spawnegg":1,"spore:umarmed_spawnegg":1,"spore:wendigo_spawnegg":1,"spore:volatile_spawnegg":1,"spore:usurper_spawnegg":1,"spore:howler_spawnegg":1,"spore:braurei_spawnegg":1,"spore:mound_spawnegg":1,"spore:proto_spawnegg":1,"spore:claw_spawnegg":1,"spore:stalker_spawnegg":1,"spore:illusion_spawnegg":1,"spore:brute_spawnegg":1,"minecraft:beef":2,"spore:reconstructor_spawnegg":1,"spore:spitter_spawnegg":1}},"DataVersion":3465}