{"stats":{"minecraft:crafted":{"minecraft:wooden_sword":1,"minecraft:crafting_table":1,"minecraft:spruce_planks":24,"minecraft:stick":8,"minecraft:wooden_pickaxe":1,"minecraft:wooden_axe":1},"minecraft:custom":{"minecraft:time_since_rest":7512,"minecraft:crouch_one_cm":249,"minecraft:play_time":7512,"minecraft:sprint_one_cm":28224,"minecraft:damage_taken":100,"minecraft:walk_one_cm":18286,"minecraft:sneak_time":37,"minecraft:walk_under_water_one_cm":1993,"minecraft:mob_kills":9,"minecraft:jump":88,"minecraft:damage_dealt":781,"minecraft:leave_game":1,"minecraft:time_since_death":7512,"minecraft:walk_on_water_one_cm":656,"minecraft:total_world_time":7512,"minecraft:interact_with_crafting_table":2,"minecraft:swim_one_cm":2344,"minecraft:fall_one_cm":2980,"minecraft:fly_one_cm":11683},"minecraft:used":{"minecraft:wooden_axe":23,"minecraft:wooden_sword":3,"minecraft:dirt":2,"minecraft:crafting_table":1},"minecraft:killed":{"minecraft:sheep":6,"minecraft:pig":3},"minecraft:picked_up":{"minecraft:crafting_table":1,"minecraft:porkchop":9,"minecraft:spruce_sapling":1,"minecraft:spruce_log":12,"minecraft:mutton":8,"minecraft:dirt":2,"minecraft:white_wool":6},"minecraft:mined":{"minecraft:grass_block":2,"minecraft:spruce_log":12,"minecraft:spruce_leaves":8,"minecraft:crafting_table":1}},"DataVersion":3465}