{"stats":{"minecraft:picked_up":{"minecraft:leather":1,"minecraft:bone":1,"minecraft:arrow":2,"minecraft:bow":1,"minecraft:beef":3},"minecraft:used":{"spore:mound_spawnegg":2,"spore:knight_spawnegg":1,"jeg:combat_rifle":26,"spore:howler_spawnegg":3,"spore:infected_human_spawnegg":1,"spore:illusion_spawnegg":1,"spore:inf_villager_spawnegg":1,"spore:sickle":2,"spore:busser_spawnegg":1,"spore:reconstructor_spawnegg":2,"spore:armads":5,"spore:knife":11,"spore:slasher_spawnegg":1,"spore:usurper_spawnegg":3,"spore:leaper_spawnegg":1,"spore:inf_evo_spawnegg":1,"spore:inf_player_spawnegg":1,"spore:hinden_spawnegg":1,"spore:braurei_spawnegg":2,"spore:claw_spawnegg":1,"spore:stalker_spawnegg":3,"spore:braio_spawnegg":1,"spore:scamper_spawnegg":1,"spore:proto_spawnegg":1,"spore:umarmed_spawnegg":1,"jeg:assault_rifle":53,"spore:inf_witch_spawnegg":1,"spore:griefer_spawnegg":1,"spore:inf_drowned_spawnegg":2,"spore:inf_vind_spawnegg":1,"jeg:double_barrel_shotgun":12,"spore:inf_pillager_spawnegg":1,"spore:inf_hazmat_spawnegg":4,"spore:brute_spawnegg":4,"spore:plagued_spawnegg":1,"spore:vigil_spawnegg":1,"spore:volatile_spawnegg":3,"spore:spitter_spawnegg":8,"jeg:pocket_bubble":23,"spore:inf_husk_spawnegg":1,"spore:inf_wanderer_spawnegg":1,"jeg:water_bomb":1,"jeg:grenade":2,"spore:scent_spawnegg":9,"spore:wendigo_spawnegg":1,"spore:infected_bow":8,"jeg:bolt_action_rifle":19,"spore:sieger_spawnegg":2},"minecraft:custom":{"minecraft:time_since_rest":46993,"minecraft:sprint_one_cm":24,"minecraft:walk_one_cm":23641,"minecraft:damage_taken":200,"minecraft:mob_kills":10,"minecraft:drop":19,"minecraft:damage_dealt":298,"minecraft:fly_one_cm":161515,"minecraft:crouch_one_cm":86,"minecraft:play_time":46993,"minecraft:sneak_time":559,"minecraft:walk_under_water_one_cm":1000,"minecraft:jump":15,"minecraft:leave_game":2,"minecraft:walk_on_water_one_cm":269,"minecraft:time_since_death":46993,"minecraft:total_world_time":46993,"minecraft:fall_one_cm":406},"minecraft:mined":{"minecraft:grass":3},"minecraft:killed":{"spore:mound":1,"minecraft:skeleton":1,"minecraft:mooshroom":8},"minecraft:dropped":{"spore:usurper_spawnegg":1,"spore:howler_spawnegg":1,"spore:braurei_spawnegg":1,"spore:proto_spawnegg":1,"spore:mound_spawnegg":1,"spore:claw_spawnegg":1,"spore:stalker_spawnegg":1,"spore:scent_spawnegg":1,"spore:scamper_spawnegg":1,"spore:vigil_spawnegg":1,"spore:umarmed_spawnegg":1,"spore:illusion_spawnegg":1,"spore:wendigo_spawnegg":1,"spore:brute_spawnegg":1,"minecraft:beef":2,"spore:reconstructor_spawnegg":1,"spore:volatile_spawnegg":1,"spore:spitter_spawnegg":1}},"DataVersion":3465}