{"stats":{"minecraft:used":{"minecraft:stone_axe":1},"minecraft:killed_by":{"minecraft:player":1},"minecraft:killed":{"minecraft:zombie":1},"minecraft:picked_up":{"minecraft:birch_log":1,"minecraft:stone_axe":1},"minecraft:custom":{"minecraft:time_since_rest":4335,"minecraft:damage_dealt":266,"minecraft:damage_taken":305,"minecraft:crouch_one_cm":4115,"minecraft:leave_game":4,"minecraft:time_since_death":4595,"minecraft:play_time":9228,"minecraft:walk_one_cm":6889,"tombstone:undead_killed":1,"minecraft:deaths":1,"minecraft:sneak_time":5098,"minecraft:total_world_time":9228,"minecraft:mob_kills":1,"minecraft:fly_one_cm":722,"minecraft:jump":27}},"DataVersion":3465}