{"stats":{"minecraft:killed_by":{"minecraft:player":1},"minecraft:killed":{"minecraft:zombie":1},"minecraft:picked_up":{"minecraft:birch_log":1,"minecraft:stone_axe":1},"minecraft:custom":{"minecraft:time_since_rest":3404,"minecraft:damage_dealt":176,"minecraft:damage_taken":305,"minecraft:crouch_one_cm":3543,"minecraft:leave_game":3,"minecraft:play_time":8297,"minecraft:time_since_death":3664,"minecraft:walk_one_cm":6426,"tombstone:undead_killed":1,"minecraft:deaths":1,"minecraft:sneak_time":4436,"minecraft:total_world_time":8297,"minecraft:mob_kills":1,"minecraft:fly_one_cm":722,"minecraft:jump":27}},"DataVersion":3465}