{"stats":{"minecraft:dropped":{"minecraft:gravel":16,"minecraft:water_bucket":1,"minecraft:dirt":21,"silentgear:hammer":1,"minecraft:cherry_sapling":5,"minecraft:cobblestone":1465},"minecraft:used":{"minecraft:bread":3,"minecraft:melon_slice":2,"silentgear:hammer":298,"silentgear:pickaxe":474,"minecraft:dirt":5,"minecraft:cobblestone":22,"tombstone:gift":2,"minecraft:white_bed":1,"alexsmobs:animal_dictionary":1},"minecraft:custom":{"minecraft:time_since_rest":38119,"minecraft:sprint_one_cm":983,"minecraft:damage_taken":510,"minecraft:walk_one_cm":453700,"minecraft:drop":35,"minecraft:damage_dealt":46,"minecraft:interact_with_crafting_table":1,"minecraft:fly_one_cm":700,"minecraft:open_chest":25,"minecraft:crouch_one_cm":32799,"minecraft:play_time":127026,"minecraft:deaths":1,"minecraft:sneak_time":5213,"minecraft:walk_under_water_one_cm":445,"minecraft:jump":555,"minecraft:leave_game":1,"minecraft:time_since_death":55519,"minecraft:walk_on_water_one_cm":372,"minecraft:sleep_in_bed":3,"minecraft:total_world_time":127026,"minecraft:fall_one_cm":5957},"minecraft:mined":{"minecraft:pink_petals":18,"spore:mycelium_veins":2,"minecraft:cherry_fence":1,"spore:wall_growths_big":3,"minecraft:white_bed":1,"jeg:scrap_ore":8,"spore:wall_growths":4,"spore:bloomfung2":13,"spore:blomfung":11,"minecraft:iron_ore":13,"spore:growths_big":10,"spore:growth_mycelium":20,"minecraft:peony":1,"spore:fungal_stem_top":4,"minecraft:grass":8,"minecraft:coal_ore":34,"minecraft:dirt_path":4,"spore:fungal_stem":13,"minecraft:gravel":19,"minecraft:dirt":22,"minecraft:copper_ore":4,"minecraft:stone":1693,"minecraft:sugar_cane":4,"spore:growths_small":9},"minecraft:picked_up":{"minecraft:pink_petals":38,"minecraft:stick":5,"minecraft:raw_iron":13,"silentgear:pickaxe":1,"minecraft:water_bucket":1,"spore:armor_fragment":21,"minecraft:gravel":16,"silentgear:hammer":2,"minecraft:flint":3,"minecraft:cherry_fence":1,"tombstone:grave_dust":1,"jeg:scrap":248,"minecraft:white_bed":1,"minecraft:carrot":53,"minecraft:spider_eye":3,"minecraft:string":33,"alexsmobs:animal_dictionary":1,"minecraft:dirt":26,"jeg:grenade":2,"minecraft:raw_copper":12,"minecraft:bone":13,"minecraft:wheat_seeds":1,"minecraft:peony":1,"minecraft:bread":9,"minecraft:cherry_sapling":4,"tombstone:essence_of_undeath":1,"minecraft:bamboo":319,"minecraft:sugar_cane":8,"jeg:tech_trash":3,"minecraft:coal":34,"minecraft:cobblestone":1475}},"DataVersion":3465}