{"stats":{"minecraft:picked_up":{"silentgear:rod_blueprint":4,"minecraft:iron_chestplate":1,"spore:mutated_heart":6,"minecraft:wheat":47,"minecraft:clay_ball":8,"silentgear:spear_blueprint":2,"minecraft:diamond_sword":1,"silentgear:shield_blueprint":4,"silentgear:pickaxe_blueprint":4,"minecraft:gold_block":1,"minecraft:shield":2,"spore:innards":1,"minecraft:string":11,"minecraft:raw_copper":246,"minecraft:iron_axe":1,"minecraft:iron_leggings":1,"minecraft:compass":1,"tacz:ammo":492,"minecraft:blackstone":332,"spore:symbiotic_reagent":2,"alexsmobs:banana":3,"minecraft:cobbled_deepslate":237,"minecraft:poppy":1,"minecraft:iron_pickaxe":1,"minecraft:jungle_sapling":2,"minecraft:azalea":3,"minecraft:melon_slice":226,"minecraft:sugar_cane":15,"minecraft:chest":4,"minecraft:furnace":5,"minecraft:stick":13,"minecraft:raw_iron":36,"spore:wing_membrane":2,"minecraft:copper_ingot":22,"minecraft:torch":9,"tacz:attachment":4,"tombstone:grave_dust":7,"minecraft:redstone":39,"minecraft:orange_bed":1,"minecraft:stone_shovel":1,"minecraft:stone_sword":3,"minecraft:arrow":4,"minecraft:rotten_flesh":11,"minecraft:tropical_fish":1,"silentgear:axe_blueprint":4,"jeg:waterpipe_shotgun":2,"minecraft:hay_block":9,"minecraft:yellow_terracotta":4,"silentgear:shovel_blueprint":4,"minecraft:gold_ingot":17,"minecraft:glow_berries":8,"jeg:raw_brimstone":1,"silentgear:knife_blueprint":4,"minecraft:white_wool":6,"minecraft:cobblestone":550,"minecraft:pink_petals":1,"silentgear:machete_blueprint":1,"minecraft:feather":1,"minecraft:jungle_log":108,"minecraft:potato":3,"minecraft:flint":1,"minecraft:tuff":11,"minecraft:oak_log":6,"minecraft:cherry_fence":1,"jeg:scrap":51,"minecraft:gunpowder":7,"minecraft:lapis_lazuli":75,"minecraft:dirt":10,"jeg:grenade":2,"minecraft:leather_boots":1,"minecraft:bone":13,"minecraft:bow":2,"spore:nerves":78,"minecraft:wheat_seeds":223,"minecraft:raw_gold":39,"alexsmobs:cockroach_wing_fragment":1,"minecraft:iron_ingot":41,"spore:mutated_fiber":92,"spore:spine":1,"minecraft:tall_grass":1,"minecraft:iron_sword":1,"minecraft:bamboo":24,"minecraft:moss_block":8,"jeg:tech_trash":12,"minecraft:acacia_sapling":8,"minecraft:oak_planks":2,"spore:cerebrum":5,"minecraft:cooked_porkchop":4,"spore:armor_fragment":5,"minecraft:gravel":32,"minecraft:sand":26,"silentgear:bort":2,"minecraft:spider_eye":1,"alexsmobs:animal_dictionary":3,"minecraft:mossy_cobblestone":1,"minecraft:bundle":1,"jeg:handmade_shell":2,"spore:claw_fragment":6,"minecraft:diamond":30,"tacz:modern_kinetic_gun":5,"minecraft:iron_helmet":1,"minecraft:emerald":2,"minecraft:bread":174,"spore:spine_fragment":12,"minecraft:oak_sapling":1,"minecraft:brown_banner":2,"minecraft:melon_seeds":3,"minecraft:coal":47,"minecraft:ender_pearl":1},"minecraft:broken":{"minecraft:iron_pickaxe":2},"minecraft:crafted":{"minecraft:oak_planks":24,"minecraft:stone_shovel":2,"minecraft:glass":26,"minecraft:iron_boots":1,"minecraft:bow":1,"jeg:scrap_workbench":1,"minecraft:iron_axe":1,"minecraft:melon_seeds":2,"minecraft:chest":6,"minecraft:wheat":9,"minecraft:diamond_sword":1,"minecraft:cooked_porkchop":2,"minecraft:crafting_table":1,"minecraft:iron_helmet":1,"minecraft:iron_sword":1,"minecraft:copper_ingot":122,"minecraft:hay_block":7,"minecraft:jungle_planks":52,"minecraft:bread":3,"minecraft:air":0,"jeg:scrap_block":1,"minecraft:charcoal":32,"minecraft:iron_chestplate":1,"minecraft:stick":36,"minecraft:iron_ingot":78,"minecraft:iron_pickaxe":3,"minecraft:gold_ingot":9,"minecraft:iron_leggings":1,"minecraft:torch":68},"minecraft:mined":{"minecraft:tuff":11,"minecraft:mossy_cobblestone":1,"minecraft:deepslate_diamond_ore":6,"minecraft:jungle_leaves":12,"minecraft:glow_lichen":1,"minecraft:cave_vines_plant":8,"minecraft:grass_block":6,"minecraft:jungle_log":110,"minecraft:moss_block":4,"spore:growths_small":1,"minecraft:hay_block":2,"minecraft:furnace":5,"minecraft:iron_ore":33,"minecraft:cobbled_deepslate":9,"minecraft:potatoes":3,"minecraft:cave_vines":16,"minecraft:deepslate_iron_ore":3,"minecraft:vine":13,"minecraft:bamboo":1,"minecraft:azalea":1,"minecraft:stone":293,"minecraft:orange_bed":1,"jeg:scrap_ore":14,"minecraft:blackstone":117,"minecraft:orange_terracotta":4,"spore:growths_big":8,"minecraft:melon":5,"minecraft:chest":3,"minecraft:tall_grass":3,"minecraft:copper_ore":42,"minecraft:cobblestone":40,"minecraft:lapis_ore":2,"minecraft:deepslate_gold_ore":13,"minecraft:sugar_cane":13,"minecraft:wall_torch":6,"minecraft:pink_petals":1,"jeg:deepslate_scrap_ore":8,"minecraft:cherry_fence":1,"minecraft:wheat":46,"minecraft:grass":27,"minecraft:oak_log":6,"minecraft:coal_ore":3,"minecraft:sand":26,"minecraft:gravel":29,"minecraft:dirt":2,"minecraft:oak_leaves":7,"minecraft:deepslate":60,"spore:remains":2,"minecraft:fern":4},"minecraft:custom":{"minecraft:interact_with_smithing_table":1,"minecraft:mob_kills":30,"minecraft:animals_bred":3,"minecraft:interact_with_crafting_table":25,"minecraft:damage_dealt_resisted":10,"minecraft:leave_game":2,"minecraft:time_since_death":59216,"minecraft:climb_one_cm":24675,"minecraft:sprint_one_cm":524232,"minecraft:walk_one_cm":470711,"minecraft:damage_blocked_by_shield":705,"minecraft:drop":61,"minecraft:damage_dealt_absorbed":74,"minecraft:play_time":188551,"minecraft:sneak_time":8768,"minecraft:deaths":7,"minecraft:walk_under_water_one_cm":11473,"minecraft:jump":2592,"minecraft:walk_on_water_one_cm":28535,"minecraft:total_world_time":188551,"minecraft:interact_with_furnace":115,"minecraft:interact_with_cartography_table":1,"minecraft:sleep_in_bed":1,"minecraft:time_since_rest":58891,"minecraft:damage_taken":3777,"minecraft:damage_dealt":2824,"minecraft:swim_one_cm":27162,"minecraft:fly_one_cm":334126,"minecraft:open_chest":257,"minecraft:crouch_one_cm":22417,"tombstone:undead_killed":13,"minecraft:fall_one_cm":61849},"minecraft:killed_by":{"minecraft:player":1,"spore:busser":2,"spore:inf_human":2,"minecraft:skeleton":1,"spore:wendigo":1},"minecraft:used":{"minecraft:stone_shovel":52,"minecraft:poppy":1,"minecraft:chest":10,"minecraft:shield":16,"minecraft:iron_sword":99,"minecraft:orange_bed":1,"minecraft:torch":68,"minecraft:dirt":5,"minecraft:acacia_sapling":1,"minecraft:tuff":11,"minecraft:iron_axe":129,"minecraft:jungle_log":4,"minecraft:iron_helmet":1,"minecraft:melon_seeds":3,"minecraft:tall_grass":1,"minecraft:furnace":5,"tombstone:gift":2,"minecraft:potato":47,"minecraft:cobbled_deepslate":9,"minecraft:cherry_fence":1,"minecraft:iron_leggings":1,"minecraft:wheat_seeds":20,"minecraft:mossy_cobblestone":1,"minecraft:glow_berries":1,"minecraft:crafting_table":1,"minecraft:bread":51,"minecraft:melon_slice":2,"minecraft:iron_pickaxe":703,"minecraft:gravel":30,"minecraft:pink_petals":1,"jeg:scrap_workbench":1,"minecraft:cobblestone":199,"jeg:waterpipe_shotgun":1},"minecraft:killed":{"minecraft:spider":1,"spore:leaper":1,"minecraft:skeleton":3,"spore:inf_player":1,"spore:inf_wanderer":1,"spore:inf_drowned":2,"minecraft:creeper":3,"spore:inf_pillager":2,"spore:inf_villager":1,"minecraft:zombie":10,"spore:inf_human":4,"spore:inf_witch":1},"minecraft:dropped":{"minecraft:iron_ingot":79,"spore:spine_fragment":3,"minecraft:wheat_seeds":29,"minecraft:cooked_porkchop":2,"minecraft:cobblestone":65,"minecraft:copper_ingot":45,"jeg:scrap":33,"silentgear:knife_blueprint":2,"silentgear:spear_blueprint":1,"jeg:raw_brimstone":1,"silentgear:shovel_blueprint":2,"minecraft:coal":10,"silentgear:rod_blueprint":2,"minecraft:flint":1,"silentgear:shield_blueprint":2,"minecraft:melon_slice":165,"tacz:modern_kinetic_gun":1,"spore:mutated_heart":1,"spore:symbiotic_reagent":1,"minecraft:string":2,"minecraft:white_wool":3,"spore:claw_fragment":2,"jeg:tech_trash":4,"minecraft:blackstone":64,"spore:nerves":52,"minecraft:stone_sword":1,"alexsmobs:animal_dictionary":1,"minecraft:cobbled_deepslate":112,"minecraft:wheat":1,"minecraft:rotten_flesh":2,"minecraft:oak_planks":2,"silentgear:pickaxe_blueprint":2,"spore:mutated_fiber":31,"silentgear:axe_blueprint":2,"minecraft:azalea":1,"minecraft:acacia_sapling":1,"minecraft:bamboo":2,"tacz:ammo":125,"minecraft:raw_gold":13,"alexsmobs:banana":1,"spore:armor_fragment":2,"tacz:attachment":2}},"DataVersion":3465}