{"stats":{"minecraft:crafted":{"minecraft:oak_planks":24,"minecraft:stone":42,"minecraft:cooked_mutton":1,"minecraft:iron_bars":16,"minecraft:glass":26,"minecraft:iron_boots":1,"minecraft:bow":1,"sophisticatedbackpacks:copper_backpack":1,"minecraft:melon_seeds":2,"minecraft:chest":12,"tacz:target":3,"minecraft:cooked_porkchop":2,"minecraft:crafting_table":1,"minecraft:iron_helmet":1,"minecraft:baked_potato":64,"minecraft:copper_ingot":478,"minecraft:hay_block":7,"minecraft:iron_chestplate":1,"minecraft:charcoal":32,"minecraft:diamond_pickaxe":1,"minecraft:stick":68,"minecraft:iron_ingot":302,"minecraft:iron_pickaxe":7,"minecraft:iron_block":24,"minecraft:gold_ingot":31,"minecraft:redstone_torch":1,"minecraft:cobbled_deepslate_slab":6,"minecraft:stone_shovel":2,"minecraft:bone_meal":18,"minecraft:pink_dye":1,"jeg:scrap_workbench":1,"minecraft:iron_axe":2,"minecraft:cobbled_deepslate_stairs":8,"sophisticatedbackpacks:iron_backpack":2,"minecraft:wheat":171,"minecraft:sugar":17,"minecraft:diamond_sword":1,"minecraft:iron_sword":1,"minecraft:bucket":1,"minecraft:jungle_planks":56,"minecraft:air":0,"minecraft:bread":64,"jeg:scrap_block":1,"minecraft:gunpowder":24,"minecraft:iron_leggings":1,"minecraft:anvil":1,"minecraft:torch":128},"minecraft:dropped":{"spore:spine_fragment":3,"minecraft:moss_block":2,"minecraft:baked_potato":23,"minecraft:glass_bottle":2,"minecraft:ender_pearl":1,"minecraft:cooked_porkchop":2,"silentgear:knife_blueprint":2,"jeg:scrap":33,"silentgear:shovel_blueprint":2,"jeg:raw_brimstone":1,"silentgear:rod_blueprint":2,"minecraft:flint":1,"minecraft:dirt":10,"minecraft:white_wool":3,"jeg:tech_trash":4,"minecraft:blackstone":64,"alexsmobs:animal_dictionary":1,"minecraft:cobbled_deepslate":113,"minecraft:wheat":1,"minecraft:rotten_flesh":2,"minecraft:oak_planks":2,"silentgear:pickaxe_blueprint":2,"silentgear:axe_blueprint":2,"minecraft:azalea":1,"minecraft:acacia_sapling":1,"alexsmobs:banana":1,"spore:armor_fragment":2,"jeg:handmade_shell":15,"tacz:attachment":3,"minecraft:water_bucket":1,"minecraft:iron_ingot":87,"minecraft:bread":53,"minecraft:wheat_seeds":29,"minecraft:cobblestone":65,"silentgear:spear_blueprint":1,"minecraft:copper_ingot":45,"minecraft:coal":11,"minecraft:stick":4,"silentgear:shield_blueprint":2,"minecraft:melon_slice":165,"tacz:modern_kinetic_gun":1,"spore:mutated_heart":1,"spore:symbiotic_reagent":3,"minecraft:string":2,"spore:claw_fragment":2,"minecraft:moss_carpet":5,"spore:nerves":52,"minecraft:stone_sword":1,"minecraft:raw_copper":14,"minecraft:deepslate":1,"spore:mutated_fiber":31,"minecraft:shield":3,"minecraft:bamboo":2,"tacz:ammo":170,"sophisticatedbackpacks:copper_backpack":1,"minecraft:raw_gold":13},"minecraft:killed_by":{"spore:inf_human":2,"spore:wendigo":1,"minecraft:player":2,"spore:busser":2,"minecraft:skeleton":1},"minecraft:broken":{"minecraft:stone_axe":1,"minecraft:stone_shovel":1,"minecraft:iron_axe":1,"minecraft:leather_boots":1,"minecraft:iron_pickaxe":7},"minecraft:custom":{"minecraft:animals_bred":15,"minecraft:interact_with_crafting_table":54,"minecraft:leave_game":6,"minecraft:time_since_death":53360,"minecraft:sprint_one_cm":959753,"minecraft:damage_blocked_by_shield":705,"minecraft:drop":95,"minecraft:play_time":498501,"minecraft:deaths":8,"minecraft:jump":4729,"minecraft:walk_on_water_one_cm":52181,"minecraft:interact_with_furnace":205,"minecraft:interact_with_cartography_table":1,"minecraft:sleep_in_bed":3,"minecraft:damage_dealt":3669,"minecraft:crouch_one_cm":85610,"tombstone:undead_killed":13,"minecraft:interact_with_smithing_table":4,"minecraft:mob_kills":65,"minecraft:interact_with_anvil":1,"minecraft:damage_dealt_resisted":10,"minecraft:climb_one_cm":43686,"minecraft:walk_one_cm":1384140,"minecraft:damage_dealt_absorbed":74,"minecraft:sneak_time":29094,"minecraft:walk_under_water_one_cm":26954,"minecraft:total_world_time":498501,"minecraft:time_since_rest":49025,"minecraft:damage_taken":5463,"minecraft:swim_one_cm":30935,"minecraft:fly_one_cm":561153,"minecraft:open_chest":717,"minecraft:fall_one_cm":111265},"minecraft:used":{"minecraft:moss_block":14,"minecraft:cherry_sapling":2,"minecraft:moss_carpet":13,"minecraft:poppy":1,"minecraft:chest":25,"minecraft:shield":16,"minecraft:stone":45,"minecraft:iron_sword":125,"tacz:target_minecart":17,"minecraft:acacia_sapling":2,"minecraft:tuff":11,"minecraft:axolotl_bucket":2,"minecraft:jungle_sapling":4,"minecraft:grass_block":1,"minecraft:iron_helmet":1,"minecraft:birch_button":1,"minecraft:furnace":5,"minecraft:acacia_fence":9,"minecraft:potato":187,"minecraft:torchflower":3,"minecraft:powered_rail":5,"minecraft:blackstone":1,"minecraft:glow_berries":1,"minecraft:cobbled_deepslate_stairs":8,"tacz:target":5,"minecraft:redstone_torch":1,"minecraft:melon_slice":2,"minecraft:bread":74,"minecraft:gravel":138,"jeg:waterpipe_shotgun":1,"minecraft:bone_meal":20,"minecraft:azalea":3,"minecraft:iron_bars":16,"minecraft:stone_shovel":225,"tacz:gun_smith_table":3,"minecraft:stone_hoe":16,"minecraft:orange_bed":2,"minecraft:torch":213,"minecraft:brewing_stand":2,"minecraft:dirt":233,"minecraft:anvil":1,"minecraft:flowering_azalea":4,"minecraft:iron_axe":299,"minecraft:jungle_log":7,"minecraft:melon_seeds":3,"minecraft:tall_grass":1,"minecraft:pitcher_plant":4,"tombstone:gift":3,"minecraft:cobbled_deepslate":340,"minecraft:cherry_fence":1,"minecraft:iron_leggings":1,"minecraft:wheat_seeds":20,"minecraft:water_bucket":101,"minecraft:baked_potato":16,"minecraft:mossy_cobblestone":1,"minecraft:rail":28,"minecraft:crafting_table":3,"minecraft:diamond_pickaxe":185,"minecraft:iron_pickaxe":1790,"jeg:scrap_workbench":1,"minecraft:stone_axe":1,"minecraft:pink_petals":1,"minecraft:cobblestone":420,"minecraft:cobbled_deepslate_slab":9,"minecraft:cooked_porkchop":2,"minecraft:bucket":104},"minecraft:mined":{"minecraft:attached_melon_stem":1,"minecraft:farmland":16,"minecraft:cobbled_deepslate_stairs":1,"minecraft:jungle_leaves":14,"minecraft:brewing_stand":2,"minecraft:cave_vines_plant":9,"minecraft:grass_block":59,"minecraft:jungle_log":228,"tacz:gun_smith_table":3,"minecraft:iron_ore":89,"minecraft:cobbled_deepslate":54,"minecraft:moss_carpet":12,"minecraft:deepslate_lapis_ore":6,"silentgear:deepslate_bort_ore":2,"minecraft:cave_vines":16,"minecraft:dirt_path":45,"minecraft:iron_bars":4,"minecraft:azalea":2,"minecraft:orange_bed":2,"minecraft:blackstone":118,"minecraft:melon_stem":1,"minecraft:orange_terracotta":4,"spore:growths_big":8,"minecraft:clay":1,"minecraft:torch":37,"minecraft:melon":7,"minecraft:chest":13,"minecraft:cobblestone":156,"tacz:target":3,"minecraft:sugar_cane":15,"minecraft:wall_torch":35,"minecraft:deepslate_copper_ore":7,"minecraft:pink_petals":2,"minecraft:cherry_fence":1,"minecraft:acacia_sapling":1,"minecraft:powered_rail":2,"minecraft:wheat":48,"minecraft:pitcher_plant":4,"minecraft:grass":45,"minecraft:oak_log":10,"minecraft:acacia_fence":11,"minecraft:sand":26,"minecraft:birch_button":1,"minecraft:dirt":67,"minecraft:oak_leaves":8,"minecraft:deepslate":79,"spore:remains":2,"minecraft:tuff":20,"minecraft:mossy_cobblestone":1,"minecraft:deepslate_diamond_ore":7,"minecraft:cherry_sapling":2,"minecraft:glow_lichen":2,"minecraft:cobbled_deepslate_slab":3,"minecraft:moss_block":18,"spore:growths_small":1,"minecraft:hay_block":2,"minecraft:redstone_ore":2,"minecraft:furnace":5,"minecraft:jungle_sapling":1,"minecraft:potatoes":123,"minecraft:deepslate_iron_ore":36,"minecraft:vine":38,"minecraft:rail":37,"minecraft:bamboo":1,"minecraft:stone":995,"minecraft:flowering_azalea":2,"jeg:scrap_ore":58,"minecraft:crafting_table":2,"minecraft:tall_grass":8,"minecraft:copper_ore":111,"minecraft:lapis_ore":4,"minecraft:deepslate_gold_ore":18,"jeg:deepslate_scrap_ore":16,"minecraft:torchflower":3,"minecraft:coal_ore":99,"minecraft:gravel":148,"minecraft:fern":6},"minecraft:killed":{"minecraft:spider":1,"spore:leaper":1,"minecraft:skeleton":3,"spore:inf_player":4,"spore:inf_wanderer":3,"spore:inf_drowned":11,"minecraft:creeper":3,"spore:inf_villager":3,"spore:inf_human":10,"minecraft:zombie":10,"spore:knight":1,"minecraft:cow":8,"spore:inf_pillager":4,"spore:inf_witch":2,"minecraft:enderman":1},"minecraft:picked_up":{"spore:mutated_heart":9,"minecraft:iron_chestplate":1,"minecraft:wheat":48,"silentgear:spear_blueprint":3,"minecraft:diamond_sword":1,"minecraft:birch_button":1,"minecraft:brewing_stand":2,"spore:innards":1,"silentgear:sinew":2,"minecraft:string":12,"minecraft:raw_copper":511,"minecraft:iron_leggings":1,"spore:symbiotic_reagent":4,"alexsmobs:banana":4,"minecraft:cobbled_deepslate":340,"minecraft:bucket":1,"minecraft:azalea":5,"tacz:target":2,"minecraft:iron_pickaxe":1,"minecraft:melon_slice":234,"minecraft:furnace":5,"minecraft:stick":19,"minecraft:acacia_fence":11,"minecraft:torch":94,"tacz:attachment":10,"tombstone:grave_dust":7,"minecraft:orange_bed":2,"minecraft:stone_sword":3,"minecraft:rotten_flesh":11,"minecraft:tropical_fish":1,"silentgear:axe_blueprint":6,"silentgear:shovel_blueprint":6,"minecraft:iron_bars":4,"minecraft:cobblestone":1370,"minecraft:pink_petals":2,"minecraft:feather":1,"minecraft:water_bucket":1,"minecraft:jungle_log":226,"minecraft:potato":356,"minecraft:flint":12,"minecraft:tuff":20,"minecraft:cherry_fence":1,"jeg:scrap":145,"minecraft:lapis_lazuli":129,"minecraft:dirt":248,"minecraft:leather_boots":1,"minecraft:bone":13,"spore:nerves":78,"minecraft:bow":2,"minecraft:wheat_seeds":236,"minecraft:raw_gold":44,"minecraft:cobbled_deepslate_slab":3,"tacz:gun_smith_table":3,"minecraft:bamboo":24,"minecraft:powered_rail":7,"minecraft:moss_block":24,"minecraft:oak_planks":2,"spore:cerebrum":5,"minecraft:cooked_porkchop":4,"spore:armor_fragment":5,"minecraft:sand":26,"minecraft:poisonous_potato":1,"alexsmobs:animal_dictionary":5,"minecraft:mossy_cobblestone":1,"minecraft:bundle":1,"spore:claw_fragment":6,"minecraft:diamond":31,"minecraft:deepslate":1,"minecraft:emerald":2,"minecraft:bread":174,"spore:spine_fragment":12,"minecraft:oak_sapling":1,"silentgear:rod_blueprint":6,"minecraft:charcoal":2,"minecraft:crafting_table":2,"minecraft:clay_ball":12,"silentgear:shield_blueprint":6,"silentgear:pickaxe_blueprint":6,"minecraft:gold_block":1,"minecraft:shield":5,"minecraft:moss_carpet":18,"minecraft:iron_axe":1,"minecraft:compass":2,"tacz:ammo":717,"minecraft:blackstone":333,"minecraft:beef":17,"minecraft:jungle_sapling":6,"minecraft:poppy":1,"minecraft:sugar_cane":20,"minecraft:chest":14,"minecraft:raw_iron":126,"minecraft:stone":3,"spore:wing_membrane":2,"minecraft:copper_ingot":23,"sophisticatedbackpacks:backpack":2,"minecraft:redstone":48,"tacz:target_minecart":17,"minecraft:stone_shovel":3,"minecraft:arrow":4,"jeg:waterpipe_shotgun":2,"minecraft:hay_block":9,"minecraft:yellow_terracotta":4,"minecraft:gold_ingot":17,"sophisticatedbackpacks:copper_backpack":1,"minecraft:glow_berries":8,"jeg:raw_brimstone":1,"silentgear:knife_blueprint":6,"minecraft:white_wool":6,"minecraft:rail":40,"silentgear:machete_blueprint":2,"minecraft:leather":6,"minecraft:torchflower":3,"minecraft:oak_log":10,"minecraft:cobbled_deepslate_stairs":1,"minecraft:gunpowder":7,"jeg:grenade":2,"alexsmobs:cockroach_wing_fragment":1,"minecraft:iron_ingot":41,"spore:mutated_fiber":104,"spore:spine":1,"minecraft:tall_grass":1,"minecraft:glass_bottle":2,"minecraft:flowering_azalea":4,"minecraft:iron_sword":1,"minecraft:acacia_sapling":10,"jeg:tech_trash":26,"minecraft:pitcher_plant":4,"minecraft:gravel":140,"silentgear:bort":4,"minecraft:spider_eye":1,"jeg:handmade_shell":17,"minecraft:stone_axe":1,"tacz:modern_kinetic_gun":5,"minecraft:iron_helmet":1,"minecraft:cherry_sapling":2,"minecraft:baked_potato":1,"minecraft:brown_banner":2,"minecraft:melon_seeds":5,"minecraft:coal":135,"minecraft:ender_pearl":2}},"DataVersion":3465}