{"stats":{"minecraft:picked_up":{"silentgear:rod_blueprint":4,"minecraft:iron_chestplate":1,"spore:mutated_heart":6,"minecraft:wheat":47,"minecraft:clay_ball":8,"silentgear:spear_blueprint":2,"minecraft:diamond_sword":1,"silentgear:shield_blueprint":4,"silentgear:pickaxe_blueprint":4,"minecraft:gold_block":1,"minecraft:shield":2,"minecraft:moss_carpet":5,"silentgear:sinew":2,"spore:innards":1,"minecraft:string":11,"minecraft:raw_copper":511,"minecraft:iron_axe":1,"minecraft:iron_leggings":1,"tacz:ammo":537,"minecraft:compass":1,"minecraft:blackstone":333,"spore:symbiotic_reagent":2,"minecraft:cobbled_deepslate":256,"alexsmobs:banana":3,"minecraft:beef":17,"minecraft:jungle_sapling":2,"minecraft:azalea":3,"minecraft:poppy":1,"minecraft:iron_pickaxe":1,"minecraft:melon_slice":226,"minecraft:sugar_cane":15,"minecraft:chest":4,"minecraft:furnace":5,"minecraft:raw_iron":125,"minecraft:stick":13,"spore:wing_membrane":2,"minecraft:copper_ingot":22,"minecraft:torch":21,"tacz:attachment":4,"tombstone:grave_dust":7,"minecraft:redstone":48,"minecraft:orange_bed":1,"minecraft:stone_sword":3,"minecraft:arrow":4,"minecraft:stone_shovel":1,"minecraft:rotten_flesh":11,"minecraft:tropical_fish":1,"silentgear:axe_blueprint":4,"jeg:waterpipe_shotgun":2,"minecraft:hay_block":9,"minecraft:yellow_terracotta":4,"silentgear:shovel_blueprint":4,"minecraft:gold_ingot":17,"minecraft:glow_berries":8,"jeg:raw_brimstone":1,"minecraft:white_wool":6,"silentgear:knife_blueprint":4,"minecraft:cobblestone":741,"minecraft:pink_petals":1,"silentgear:machete_blueprint":1,"minecraft:feather":1,"minecraft:jungle_log":108,"minecraft:leather":6,"minecraft:potato":125,"minecraft:torchflower":1,"minecraft:flint":1,"minecraft:tuff":11,"minecraft:oak_log":6,"minecraft:cherry_fence":1,"jeg:scrap":145,"minecraft:gunpowder":7,"minecraft:lapis_lazuli":129,"minecraft:dirt":12,"jeg:grenade":2,"minecraft:leather_boots":1,"minecraft:bone":13,"minecraft:bow":2,"spore:nerves":78,"minecraft:wheat_seeds":224,"minecraft:raw_gold":44,"alexsmobs:cockroach_wing_fragment":1,"minecraft:iron_ingot":41,"spore:spine":1,"spore:mutated_fiber":92,"minecraft:tall_grass":1,"minecraft:bamboo":24,"minecraft:moss_block":11,"minecraft:iron_sword":1,"minecraft:oak_planks":2,"minecraft:acacia_sapling":9,"jeg:tech_trash":26,"spore:cerebrum":5,"minecraft:cooked_porkchop":4,"minecraft:pitcher_plant":2,"spore:armor_fragment":5,"minecraft:gravel":33,"minecraft:sand":26,"silentgear:bort":4,"minecraft:spider_eye":1,"alexsmobs:animal_dictionary":3,"minecraft:mossy_cobblestone":1,"jeg:handmade_shell":2,"minecraft:bundle":1,"spore:claw_fragment":6,"minecraft:diamond":31,"tacz:modern_kinetic_gun":5,"minecraft:iron_helmet":1,"minecraft:cherry_sapling":1,"minecraft:emerald":2,"minecraft:bread":174,"spore:spine_fragment":12,"minecraft:oak_sapling":1,"minecraft:brown_banner":2,"minecraft:melon_seeds":3,"minecraft:coal":114,"minecraft:ender_pearl":1},"minecraft:broken":{"minecraft:iron_pickaxe":4},"minecraft:crafted":{"minecraft:oak_planks":24,"minecraft:stone_shovel":2,"minecraft:bone_meal":18,"minecraft:glass":26,"minecraft:bow":1,"minecraft:iron_boots":1,"jeg:scrap_workbench":1,"minecraft:iron_axe":1,"minecraft:melon_seeds":2,"minecraft:chest":6,"minecraft:wheat":162,"minecraft:sugar":17,"minecraft:diamond_sword":1,"minecraft:cooked_porkchop":2,"minecraft:crafting_table":1,"minecraft:iron_helmet":1,"minecraft:iron_sword":1,"minecraft:copper_ingot":326,"minecraft:hay_block":7,"minecraft:air":0,"minecraft:bread":64,"jeg:scrap_block":1,"minecraft:jungle_planks":52,"minecraft:iron_chestplate":1,"minecraft:charcoal":32,"minecraft:gunpowder":24,"minecraft:stick":48,"minecraft:iron_ingot":156,"minecraft:iron_pickaxe":5,"minecraft:iron_leggings":1,"minecraft:gold_ingot":9,"minecraft:torch":128},"minecraft:mined":{"minecraft:tuff":11,"minecraft:mossy_cobblestone":1,"minecraft:deepslate_diamond_ore":7,"minecraft:cherry_sapling":1,"minecraft:jungle_leaves":12,"minecraft:glow_lichen":1,"minecraft:cave_vines_plant":9,"minecraft:grass_block":8,"minecraft:jungle_log":110,"spore:growths_small":1,"minecraft:moss_block":5,"minecraft:hay_block":2,"minecraft:redstone_ore":2,"minecraft:furnace":5,"minecraft:iron_ore":89,"minecraft:cobbled_deepslate":9,"minecraft:deepslate_lapis_ore":6,"silentgear:deepslate_bort_ore":2,"minecraft:potatoes":40,"minecraft:vine":13,"minecraft:cave_vines":16,"minecraft:deepslate_iron_ore":36,"minecraft:bamboo":1,"minecraft:azalea":1,"minecraft:stone":467,"minecraft:orange_bed":1,"jeg:scrap_ore":58,"minecraft:blackstone":118,"minecraft:orange_terracotta":4,"spore:growths_big":8,"minecraft:torch":3,"minecraft:melon":5,"minecraft:chest":3,"minecraft:copper_ore":111,"minecraft:tall_grass":7,"minecraft:cobblestone":60,"minecraft:deepslate_gold_ore":18,"minecraft:lapis_ore":4,"minecraft:sugar_cane":13,"minecraft:wall_torch":15,"minecraft:deepslate_copper_ore":7,"minecraft:pink_petals":1,"jeg:deepslate_scrap_ore":16,"minecraft:cherry_fence":1,"minecraft:acacia_sapling":1,"minecraft:wheat":47,"minecraft:torchflower":1,"minecraft:pitcher_plant":2,"minecraft:grass":28,"minecraft:coal_ore":78,"minecraft:oak_log":6,"minecraft:gravel":30,"minecraft:dirt":2,"minecraft:sand":26,"minecraft:oak_leaves":7,"spore:remains":2,"minecraft:deepslate":79,"minecraft:fern":4},"minecraft:custom":{"minecraft:interact_with_smithing_table":1,"minecraft:mob_kills":45,"minecraft:animals_bred":8,"minecraft:interact_with_crafting_table":32,"minecraft:damage_dealt_resisted":10,"minecraft:leave_game":4,"minecraft:time_since_death":128627,"minecraft:climb_one_cm":30319,"minecraft:sprint_one_cm":611142,"minecraft:walk_one_cm":621142,"minecraft:damage_blocked_by_shield":705,"minecraft:drop":69,"minecraft:damage_dealt_absorbed":74,"minecraft:play_time":257962,"minecraft:sneak_time":12146,"minecraft:deaths":7,"minecraft:walk_under_water_one_cm":14111,"minecraft:jump":3311,"minecraft:walk_on_water_one_cm":36231,"minecraft:total_world_time":257962,"minecraft:interact_with_furnace":152,"minecraft:interact_with_cartography_table":1,"minecraft:sleep_in_bed":1,"minecraft:time_since_rest":128302,"minecraft:damage_taken":4494,"minecraft:damage_dealt":3614,"minecraft:swim_one_cm":30455,"minecraft:fly_one_cm":391578,"minecraft:open_chest":357,"minecraft:crouch_one_cm":28144,"tombstone:undead_killed":13,"minecraft:fall_one_cm":78611},"minecraft:killed_by":{"minecraft:player":1,"spore:busser":2,"spore:inf_human":2,"minecraft:skeleton":1,"spore:wendigo":1},"minecraft:used":{"minecraft:moss_block":1,"minecraft:cherry_sapling":1,"minecraft:stone_shovel":52,"minecraft:poppy":1,"minecraft:chest":10,"minecraft:shield":16,"minecraft:iron_sword":115,"minecraft:orange_bed":1,"minecraft:torch":130,"minecraft:dirt":7,"minecraft:tuff":11,"minecraft:acacia_sapling":2,"minecraft:iron_axe":129,"minecraft:jungle_log":4,"minecraft:iron_helmet":1,"minecraft:melon_seeds":3,"minecraft:tall_grass":1,"minecraft:furnace":5,"tombstone:gift":2,"minecraft:potato":85,"minecraft:cobbled_deepslate":10,"minecraft:cherry_fence":1,"minecraft:iron_leggings":1,"minecraft:wheat_seeds":20,"minecraft:torchflower":1,"minecraft:blackstone":1,"minecraft:glow_berries":1,"minecraft:mossy_cobblestone":1,"minecraft:crafting_table":1,"minecraft:iron_pickaxe":1239,"minecraft:bread":65,"minecraft:melon_slice":2,"minecraft:pink_petals":1,"minecraft:gravel":31,"jeg:scrap_workbench":1,"minecraft:cobblestone":296,"minecraft:cooked_porkchop":2,"jeg:waterpipe_shotgun":1,"minecraft:bone_meal":20},"minecraft:killed":{"minecraft:spider":1,"spore:leaper":1,"minecraft:skeleton":3,"spore:inf_player":1,"spore:inf_wanderer":2,"spore:inf_drowned":3,"minecraft:creeper":3,"spore:inf_pillager":4,"spore:inf_villager":1,"minecraft:zombie":10,"spore:inf_human":6,"spore:inf_witch":1,"minecraft:enderman":1,"minecraft:cow":8},"minecraft:dropped":{"minecraft:bread":53,"minecraft:iron_ingot":79,"spore:spine_fragment":3,"minecraft:moss_block":2,"minecraft:wheat_seeds":29,"minecraft:cooked_porkchop":2,"minecraft:cobblestone":65,"jeg:scrap":33,"silentgear:knife_blueprint":2,"silentgear:spear_blueprint":1,"minecraft:copper_ingot":45,"silentgear:shovel_blueprint":2,"jeg:raw_brimstone":1,"minecraft:coal":11,"silentgear:rod_blueprint":2,"minecraft:flint":1,"silentgear:shield_blueprint":2,"minecraft:melon_slice":165,"tacz:modern_kinetic_gun":1,"spore:mutated_heart":1,"spore:symbiotic_reagent":1,"minecraft:string":2,"minecraft:white_wool":3,"spore:claw_fragment":2,"jeg:tech_trash":4,"minecraft:moss_carpet":5,"minecraft:blackstone":64,"spore:nerves":52,"minecraft:stone_sword":1,"alexsmobs:animal_dictionary":1,"minecraft:cobbled_deepslate":112,"minecraft:raw_copper":14,"minecraft:wheat":1,"minecraft:rotten_flesh":2,"minecraft:oak_planks":2,"silentgear:pickaxe_blueprint":2,"spore:mutated_fiber":31,"silentgear:axe_blueprint":2,"minecraft:azalea":1,"minecraft:acacia_sapling":1,"minecraft:bamboo":2,"tacz:ammo":125,"minecraft:raw_gold":13,"alexsmobs:banana":1,"spore:armor_fragment":2,"tacz:attachment":2}},"DataVersion":3465}